run_id,dataset,model,architecture,protocol_version,keep_ratio,block_size,child_refresh_steps,seed,epoch,batch,global_step,forward_time_s,backward_time_s,memory_bytes,batch_accuracy,child_refreshed,child_refresh_count,child_topology_before,child_topology_after
8cf318d6e3862d5e,fashion_mnist,ssb-v5,cnn,protocol-convergence-v1,0.7,0,100,1,1,0,1,0.01026058301795274,0.03543950000312179,490536960,0.0859375,0,1,b1ddea513bdb,b1ddea513bdb
8cf318d6e3862d5e,fashion_mnist,ssb-v5,cnn,protocol-convergence-v1,0.7,0,100,1,1,1,2,0.0015422500437125564,0.003046375000849366,505249792,0.203125,0,1,b1ddea513bdb,b1ddea513bdb
8cf318d6e3862d5e,fashion_mnist,ssb-v5,cnn,protocol-convergence-v1,0.7,0,100,1,1,2,3,0.0013288339832797647,0.002758124959655106,505626624,0.4375,0,1,b1ddea513bdb,b1ddea513bdb
8cf318d6e3862d5e,fashion_mnist,ssb-v5,cnn,protocol-convergence-v1,0.7,0,100,1,1,3,4,0.0014548329636454582,0.002858666004613042,505675776,0.265625,0,1,b1ddea513bdb,b1ddea513bdb
8cf318d6e3862d5e,fashion_mnist,ssb-v5,cnn,protocol-convergence-v1,0.7,0,100,1,1,4,5,0.0013185000279918313,0.0028507080278359354,506118144,0.4453125,0,1,b1ddea513bdb,b1ddea513bdb
8cf318d6e3862d5e,fashion_mnist,ssb-v5,cnn,protocol-convergence-v1,0.7,0,100,1,1,5,6,0.0013908330001868308,0.002758249989710748,506118144,0.5625,0,1,b1ddea513bdb,b1ddea513bdb
8cf318d6e3862d5e,fashion_mnist,ssb-v5,cnn,protocol-convergence-v1,0.7,0,100,1,1,6,7,0.001409917022101581,0.0027849579928442836,506134528,0.5078125,0,1,b1ddea513bdb,b1ddea513bdb
8cf318d6e3862d5e,fashion_mnist,ssb-v5,cnn,protocol-convergence-v1,0.7,0,100,1,1,7,8,0.0013555000186897814,0.002863583038561046,506134528,0.453125,0,1,b1ddea513bdb,b1ddea513bdb
8cf318d6e3862d5e,fashion_mnist,ssb-v5,cnn,protocol-convergence-v1,0.7,0,100,1,1,8,9,0.0013871249975636601,0.002876582962926477,506150912,0.6015625,0,1,b1ddea513bdb,b1ddea513bdb
8cf318d6e3862d5e,fashion_mnist,ssb-v5,cnn,protocol-convergence-v1,0.7,0,100,1,1,9,10,0.001357083034235984,0.0027796670328825712,506150912,0.5390625,0,1,b1ddea513bdb,b1ddea513bdb
8cf318d6e3862d5e,fashion_mnist,ssb-v5,cnn,protocol-convergence-v1,0.7,0,100,1,1,10,11,0.0014133340446278453,0.0028115410241298378,506167296,0.53125,0,1,b1ddea513bdb,b1ddea513bdb
8cf318d6e3862d5e,fashion_mnist,ssb-v5,cnn,protocol-convergence-v1,0.7,0,100,1,1,11,12,0.0013536250335164368,0.00286920799408108,506183680,0.5859375,0,1,b1ddea513bdb,b1ddea513bdb
8cf318d6e3862d5e,fashion_mnist,ssb-v5,cnn,protocol-convergence-v1,0.7,0,100,1,1,12,13,0.0013504589442163706,0.002825540956109762,506200064,0.6328125,0,1,b1ddea513bdb,b1ddea513bdb
8cf318d6e3862d5e,fashion_mnist,ssb-v5,cnn,protocol-convergence-v1,0.7,0,100,1,1,13,14,0.001413749996572733,0.002798125031404197,506200064,0.6484375,0,1,b1ddea513bdb,b1ddea513bdb
8cf318d6e3862d5e,fashion_mnist,ssb-v5,cnn,protocol-convergence-v1,0.7,0,100,1,1,14,15,0.0014067090232856572,0.002768166013993323,506216448,0.7109375,0,1,b1ddea513bdb,b1ddea513bdb
8cf318d6e3862d5e,fashion_mnist,ssb-v5,cnn,protocol-convergence-v1,0.7,0,100,1,1,15,16,0.001287165971007198,0.0027071660151705146,506216448,0.6875,0,1,b1ddea513bdb,b1ddea513bdb
8cf318d6e3862d5e,fashion_mnist,ssb-v5,cnn,protocol-convergence-v1,0.7,0,100,1,1,16,17,0.0013240419793874025,0.0028262909618206322,506216448,0.640625,0,1,b1ddea513bdb,b1ddea513bdb
8cf318d6e3862d5e,fashion_mnist,ssb-v5,cnn,protocol-convergence-v1,0.7,0,100,1,1,17,18,0.0013572500320151448,0.0028142909868620336,506216448,0.65625,0,1,b1ddea513bdb,b1ddea513bdb
8cf318d6e3862d5e,fashion_mnist,ssb-v5,cnn,protocol-convergence-v1,0.7,0,100,1,1,18,19,0.0013822909677401185,0.0028511250275187194,506216448,0.6640625,0,1,b1ddea513bdb,b1ddea513bdb
8cf318d6e3862d5e,fashion_mnist,ssb-v5,cnn,protocol-convergence-v1,0.7,0,100,1,1,19,20,0.0014063339913263917,0.0027450829511508346,506216448,0.671875,0,1,b1ddea513bdb,b1ddea513bdb
8cf318d6e3862d5e,fashion_mnist,ssb-v5,cnn,protocol-convergence-v1,0.7,0,100,1,1,20,21,0.001412334037013352,0.0028305829619057477,506216448,0.703125,0,1,b1ddea513bdb,b1ddea513bdb
8cf318d6e3862d5e,fashion_mnist,ssb-v5,cnn,protocol-convergence-v1,0.7,0,100,1,1,21,22,0.0013469160185195506,0.0028118329937569797,506216448,0.5859375,0,1,b1ddea513bdb,b1ddea513bdb
8cf318d6e3862d5e,fashion_mnist,ssb-v5,cnn,protocol-convergence-v1,0.7,0,100,1,1,22,23,0.0013515420141629875,0.0028242910047993064,506216448,0.671875,0,1,b1ddea513bdb,b1ddea513bdb
8cf318d6e3862d5e,fashion_mnist,ssb-v5,cnn,protocol-convergence-v1,0.7,0,100,1,1,23,24,0.0014296669978648424,0.0028467499651014805,506216448,0.734375,0,1,b1ddea513bdb,b1ddea513bdb
8cf318d6e3862d5e,fashion_mnist,ssb-v5,cnn,protocol-convergence-v1,0.7,0,100,1,1,24,25,0.001339541980996728,0.002833375008776784,506216448,0.765625,0,1,b1ddea513bdb,b1ddea513bdb
8cf318d6e3862d5e,fashion_mnist,ssb-v5,cnn,protocol-convergence-v1,0.7,0,100,1,1,25,26,0.001349666970781982,0.002760959032457322,506216448,0.7421875,0,1,b1ddea513bdb,b1ddea513bdb
8cf318d6e3862d5e,fashion_mnist,ssb-v5,cnn,protocol-convergence-v1,0.7,0,100,1,1,26,27,0.001497875025961548,0.002761291980277747,506216448,0.7734375,0,1,b1ddea513bdb,b1ddea513bdb
8cf318d6e3862d5e,fashion_mnist,ssb-v5,cnn,protocol-convergence-v1,0.7,0,100,1,1,27,28,0.0014075000071898103,0.002832499973010272,506626048,0.7578125,0,1,b1ddea513bdb,b1ddea513bdb
8cf318d6e3862d5e,fashion_mnist,ssb-v5,cnn,protocol-convergence-v1,0.7,0,100,1,1,28,29,0.0013639579992741346,0.002826542011462152,506626048,0.8046875,0,1,b1ddea513bdb,b1ddea513bdb
8cf318d6e3862d5e,fashion_mnist,ssb-v5,cnn,protocol-convergence-v1,0.7,0,100,1,1,29,30,0.0014264999772422016,0.0027354159974493086,506642432,0.75,0,1,b1ddea513bdb,b1ddea513bdb
8cf318d6e3862d5e,fashion_mnist,ssb-v5,cnn,protocol-convergence-v1,0.7,0,100,1,1,30,31,0.0014057499938644469,0.0027875000378116965,506642432,0.6953125,0,1,b1ddea513bdb,b1ddea513bdb
8cf318d6e3862d5e,fashion_mnist,ssb-v5,cnn,protocol-convergence-v1,0.7,0,100,1,1,31,32,0.0014033749466761947,0.0028167919954285026,506642432,0.734375,0,1,b1ddea513bdb,b1ddea513bdb
8cf318d6e3862d5e,fashion_mnist,ssb-v5,cnn,protocol-convergence-v1,0.7,0,100,1,1,32,33,0.0013420420000329614,0.002814000006765127,506658816,0.7265625,0,1,b1ddea513bdb,b1ddea513bdb
8cf318d6e3862d5e,fashion_mnist,ssb-v5,cnn,protocol-convergence-v1,0.7,0,100,1,1,33,34,0.0013517090119421482,0.002826417039614171,506658816,0.765625,0,1,b1ddea513bdb,b1ddea513bdb
8cf318d6e3862d5e,fashion_mnist,ssb-v5,cnn,protocol-convergence-v1,0.7,0,100,1,1,34,35,0.001344375021290034,0.002758875023573637,506658816,0.703125,0,1,b1ddea513bdb,b1ddea513bdb
8cf318d6e3862d5e,fashion_mnist,ssb-v5,cnn,protocol-convergence-v1,0.7,0,100,1,1,35,36,0.001352333987597376,0.0027467499603517354,506658816,0.6796875,0,1,b1ddea513bdb,b1ddea513bdb
8cf318d6e3862d5e,fashion_mnist,ssb-v5,cnn,protocol-convergence-v1,0.7,0,100,1,1,36,37,0.001324040989857167,0.0028391670202836394,506675200,0.78125,0,1,b1ddea513bdb,b1ddea513bdb
8cf318d6e3862d5e,fashion_mnist,ssb-v5,cnn,protocol-convergence-v1,0.7,0,100,1,1,37,38,0.0013437080197036266,0.0028090420528315008,506675200,0.6953125,0,1,b1ddea513bdb,b1ddea513bdb
8cf318d6e3862d5e,fashion_mnist,ssb-v5,cnn,protocol-convergence-v1,0.7,0,100,1,1,38,39,0.001355416956357658,0.0028409590013325214,506675200,0.7578125,0,1,b1ddea513bdb,b1ddea513bdb
8cf318d6e3862d5e,fashion_mnist,ssb-v5,cnn,protocol-convergence-v1,0.7,0,100,1,1,39,40,0.001415541977621615,0.0027760000084526837,506675200,0.703125,0,1,b1ddea513bdb,b1ddea513bdb
8cf318d6e3862d5e,fashion_mnist,ssb-v5,cnn,protocol-convergence-v1,0.7,0,100,1,1,40,41,0.0013754579704254866,0.0028187499847263098,506675200,0.8125,0,1,b1ddea513bdb,b1ddea513bdb
8cf318d6e3862d5e,fashion_mnist,ssb-v5,cnn,protocol-convergence-v1,0.7,0,100,1,1,41,42,0.0013111669686622918,0.00281104096211493,506675200,0.734375,0,1,b1ddea513bdb,b1ddea513bdb
8cf318d6e3862d5e,fashion_mnist,ssb-v5,cnn,protocol-convergence-v1,0.7,0,100,1,1,42,43,0.0013578750076703727,0.0028111659921705723,506675200,0.7109375,0,1,b1ddea513bdb,b1ddea513bdb
8cf318d6e3862d5e,fashion_mnist,ssb-v5,cnn,protocol-convergence-v1,0.7,0,100,1,1,43,44,0.0013537920312955976,0.0028148749843239784,506675200,0.796875,0,1,b1ddea513bdb,b1ddea513bdb
8cf318d6e3862d5e,fashion_mnist,ssb-v5,cnn,protocol-convergence-v1,0.7,0,100,1,1,44,45,0.0014024170232005417,0.0027692080475389957,506691584,0.7109375,0,1,b1ddea513bdb,b1ddea513bdb
8cf318d6e3862d5e,fashion_mnist,ssb-v5,cnn,protocol-convergence-v1,0.7,0,100,1,1,45,46,0.0014147500041872263,0.002833459002431482,506691584,0.7578125,0,1,b1ddea513bdb,b1ddea513bdb
8cf318d6e3862d5e,fashion_mnist,ssb-v5,cnn,protocol-convergence-v1,0.7,0,100,1,1,46,47,0.0013131669838912785,0.00280083401594311,506691584,0.765625,0,1,b1ddea513bdb,b1ddea513bdb
8cf318d6e3862d5e,fashion_mnist,ssb-v5,cnn,protocol-convergence-v1,0.7,0,100,1,1,47,48,0.00134320801589638,0.0028228750452399254,506691584,0.8046875,0,1,b1ddea513bdb,b1ddea513bdb
8cf318d6e3862d5e,fashion_mnist,ssb-v5,cnn,protocol-convergence-v1,0.7,0,100,1,1,48,49,0.00136749999364838,0.002750749990809709,506691584,0.7421875,0,1,b1ddea513bdb,b1ddea513bdb
8cf318d6e3862d5e,fashion_mnist,ssb-v5,cnn,protocol-convergence-v1,0.7,0,100,1,1,49,50,0.001363457995466888,0.0028261669795028865,506691584,0.7265625,0,1,b1ddea513bdb,b1ddea513bdb
8cf318d6e3862d5e,fashion_mnist,ssb-v5,cnn,protocol-convergence-v1,0.7,0,100,1,1,50,51,0.0013405000208877027,0.0027641659835353494,506691584,0.78125,0,1,b1ddea513bdb,b1ddea513bdb
8cf318d6e3862d5e,fashion_mnist,ssb-v5,cnn,protocol-convergence-v1,0.7,0,100,1,1,51,52,0.0013955000322312117,0.0028157089836895466,506691584,0.8359375,0,1,b1ddea513bdb,b1ddea513bdb
8cf318d6e3862d5e,fashion_mnist,ssb-v5,cnn,protocol-convergence-v1,0.7,0,100,1,1,52,53,0.001344375021290034,0.002774957974907011,506691584,0.7421875,0,1,b1ddea513bdb,b1ddea513bdb
8cf318d6e3862d5e,fashion_mnist,ssb-v5,cnn,protocol-convergence-v1,0.7,0,100,1,1,53,54,0.0013464579824358225,0.002801665978040546,506691584,0.7421875,0,1,b1ddea513bdb,b1ddea513bdb
8cf318d6e3862d5e,fashion_mnist,ssb-v5,cnn,protocol-convergence-v1,0.7,0,100,1,1,54,55,0.0013449169928207994,0.002765249984804541,506691584,0.8125,0,1,b1ddea513bdb,b1ddea513bdb
8cf318d6e3862d5e,fashion_mnist,ssb-v5,cnn,protocol-convergence-v1,0.7,0,100,1,1,55,56,0.0014405830297619104,0.002843583992216736,506691584,0.75,0,1,b1ddea513bdb,b1ddea513bdb
8cf318d6e3862d5e,fashion_mnist,ssb-v5,cnn,protocol-convergence-v1,0.7,0,100,1,1,56,57,0.001418542000465095,0.0027561659808270633,506691584,0.796875,0,1,b1ddea513bdb,b1ddea513bdb
8cf318d6e3862d5e,fashion_mnist,ssb-v5,cnn,protocol-convergence-v1,0.7,0,100,1,1,57,58,0.0014099169638939202,0.0027589999954216182,506691584,0.84375,0,1,b1ddea513bdb,b1ddea513bdb
8cf318d6e3862d5e,fashion_mnist,ssb-v5,cnn,protocol-convergence-v1,0.7,0,100,1,1,58,59,0.0013214999926276505,0.00280904199462384,506691584,0.6953125,0,1,b1ddea513bdb,b1ddea513bdb
8cf318d6e3862d5e,fashion_mnist,ssb-v5,cnn,protocol-convergence-v1,0.7,0,100,1,1,59,60,0.0013618340017274022,0.002812333987094462,506691584,0.7734375,0,1,b1ddea513bdb,b1ddea513bdb
8cf318d6e3862d5e,fashion_mnist,ssb-v5,cnn,protocol-convergence-v1,0.7,0,100,1,1,60,61,0.001366791024338454,0.0027125419583171606,506691584,0.8125,0,1,b1ddea513bdb,b1ddea513bdb
8cf318d6e3862d5e,fashion_mnist,ssb-v5,cnn,protocol-convergence-v1,0.7,0,100,1,1,61,62,0.001414540980476886,0.002757666981779039,506691584,0.7265625,0,1,b1ddea513bdb,b1ddea513bdb
8cf318d6e3862d5e,fashion_mnist,ssb-v5,cnn,protocol-convergence-v1,0.7,0,100,1,1,62,63,0.0014020419912412763,0.0028042499907314777,506691584,0.8359375,0,1,b1ddea513bdb,b1ddea513bdb
8cf318d6e3862d5e,fashion_mnist,ssb-v5,cnn,protocol-convergence-v1,0.7,0,100,1,1,63,64,0.0013382919714786112,0.0027979169972240925,506691584,0.8203125,0,1,b1ddea513bdb,b1ddea513bdb
8cf318d6e3862d5e,fashion_mnist,ssb-v5,cnn,protocol-convergence-v1,0.7,0,100,1,1,64,65,0.0012677499908022583,0.002739041985478252,506691584,0.796875,0,1,b1ddea513bdb,b1ddea513bdb
8cf318d6e3862d5e,fashion_mnist,ssb-v5,cnn,protocol-convergence-v1,0.7,0,100,1,1,65,66,0.001351166982203722,0.002823374990839511,506691584,0.734375,0,1,b1ddea513bdb,b1ddea513bdb
8cf318d6e3862d5e,fashion_mnist,ssb-v5,cnn,protocol-convergence-v1,0.7,0,100,1,1,66,67,0.0013467080425471067,0.002807667013257742,506691584,0.8125,0,1,b1ddea513bdb,b1ddea513bdb
8cf318d6e3862d5e,fashion_mnist,ssb-v5,cnn,protocol-convergence-v1,0.7,0,100,1,1,67,68,0.0014000420342199504,0.0027489170315675437,506691584,0.796875,0,1,b1ddea513bdb,b1ddea513bdb
8cf318d6e3862d5e,fashion_mnist,ssb-v5,cnn,protocol-convergence-v1,0.7,0,100,1,1,68,69,0.0014183340244926512,0.0027648340328596532,506691584,0.7265625,0,1,b1ddea513bdb,b1ddea513bdb
8cf318d6e3862d5e,fashion_mnist,ssb-v5,cnn,protocol-convergence-v1,0.7,0,100,1,1,69,70,0.0013455839944072068,0.002819040964823216,506691584,0.828125,0,1,b1ddea513bdb,b1ddea513bdb
8cf318d6e3862d5e,fashion_mnist,ssb-v5,cnn,protocol-convergence-v1,0.7,0,100,1,1,70,71,0.0013515829923562706,0.002762416028417647,506691584,0.75,0,1,b1ddea513bdb,b1ddea513bdb
8cf318d6e3862d5e,fashion_mnist,ssb-v5,cnn,protocol-convergence-v1,0.7,0,100,1,1,71,72,0.001381209003739059,0.0027961250161752105,506691584,0.7578125,0,1,b1ddea513bdb,b1ddea513bdb
8cf318d6e3862d5e,fashion_mnist,ssb-v5,cnn,protocol-convergence-v1,0.7,0,100,1,1,72,73,0.0013489170232787728,0.002723833022173494,506691584,0.7734375,0,1,b1ddea513bdb,b1ddea513bdb
8cf318d6e3862d5e,fashion_mnist,ssb-v5,cnn,protocol-convergence-v1,0.7,0,100,1,1,73,74,0.0013326249900273979,0.0027792920009233057,506691584,0.7890625,0,1,b1ddea513bdb,b1ddea513bdb
8cf318d6e3862d5e,fashion_mnist,ssb-v5,cnn,protocol-convergence-v1,0.7,0,100,1,1,74,75,0.0013337499694898725,0.0027691670111380517,506691584,0.7734375,0,1,b1ddea513bdb,b1ddea513bdb
8cf318d6e3862d5e,fashion_mnist,ssb-v5,cnn,protocol-convergence-v1,0.7,0,100,1,1,75,76,0.0014167920453473926,0.0028262920095585287,506691584,0.859375,0,1,b1ddea513bdb,b1ddea513bdb
8cf318d6e3862d5e,fashion_mnist,ssb-v5,cnn,protocol-convergence-v1,0.7,0,100,1,1,76,77,0.0013097500195726752,0.0028130829450674355,506691584,0.7734375,0,1,b1ddea513bdb,b1ddea513bdb
8cf318d6e3862d5e,fashion_mnist,ssb-v5,cnn,protocol-convergence-v1,0.7,0,100,1,1,77,78,0.0013208749587647617,0.002728208026383072,506691584,0.8046875,0,1,b1ddea513bdb,b1ddea513bdb
8cf318d6e3862d5e,fashion_mnist,ssb-v5,cnn,protocol-convergence-v1,0.7,0,100,1,1,78,79,0.0013488749973475933,0.002806500007864088,506691584,0.78125,0,1,b1ddea513bdb,b1ddea513bdb
8cf318d6e3862d5e,fashion_mnist,ssb-v5,cnn,protocol-convergence-v1,0.7,0,100,1,1,79,80,0.0013514169841073453,0.002815290994476527,506691584,0.796875,0,1,b1ddea513bdb,b1ddea513bdb
8cf318d6e3862d5e,fashion_mnist,ssb-v5,cnn,protocol-convergence-v1,0.7,0,100,1,1,80,81,0.0013543330132961273,0.0027207909733988345,506691584,0.7578125,0,1,b1ddea513bdb,b1ddea513bdb
8cf318d6e3862d5e,fashion_mnist,ssb-v5,cnn,protocol-convergence-v1,0.7,0,100,1,1,81,82,0.0014077089726924896,0.0027477919938974082,506691584,0.75,0,1,b1ddea513bdb,b1ddea513bdb
8cf318d6e3862d5e,fashion_mnist,ssb-v5,cnn,protocol-convergence-v1,0.7,0,100,1,1,82,83,0.0013579580117948353,0.002753000007942319,506691584,0.75,0,1,b1ddea513bdb,b1ddea513bdb
8cf318d6e3862d5e,fashion_mnist,ssb-v5,cnn,protocol-convergence-v1,0.7,0,100,1,1,83,84,0.0014086660230532289,0.00272266601677984,506691584,0.7421875,0,1,b1ddea513bdb,b1ddea513bdb
8cf318d6e3862d5e,fashion_mnist,ssb-v5,cnn,protocol-convergence-v1,0.7,0,100,1,1,84,85,0.001359916990622878,0.0028051669942215085,506707968,0.7890625,0,1,b1ddea513bdb,b1ddea513bdb
8cf318d6e3862d5e,fashion_mnist,ssb-v5,cnn,protocol-convergence-v1,0.7,0,100,1,1,85,86,0.0013497499749064445,0.0027966669877059758,506707968,0.828125,0,1,b1ddea513bdb,b1ddea513bdb
8cf318d6e3862d5e,fashion_mnist,ssb-v5,cnn,protocol-convergence-v1,0.7,0,100,1,1,86,87,0.001405458024237305,0.0027439999976195395,506707968,0.8515625,0,1,b1ddea513bdb,b1ddea513bdb
8cf318d6e3862d5e,fashion_mnist,ssb-v5,cnn,protocol-convergence-v1,0.7,0,100,1,1,87,88,0.0014136250247247517,0.0029245420009829104,506707968,0.859375,0,1,b1ddea513bdb,b1ddea513bdb
8cf318d6e3862d5e,fashion_mnist,ssb-v5,cnn,protocol-convergence-v1,0.7,0,100,1,1,88,89,0.001471749972552061,0.00295366597129032,506707968,0.7890625,0,1,b1ddea513bdb,b1ddea513bdb
8cf318d6e3862d5e,fashion_mnist,ssb-v5,cnn,protocol-convergence-v1,0.7,0,100,1,1,89,90,0.0014250839594751596,0.0028222500113770366,506707968,0.7109375,0,1,b1ddea513bdb,b1ddea513bdb
8cf318d6e3862d5e,fashion_mnist,ssb-v5,cnn,protocol-convergence-v1,0.7,0,100,1,1,90,91,0.0013661250122822821,0.0029062089743092656,506707968,0.796875,0,1,b1ddea513bdb,b1ddea513bdb
8cf318d6e3862d5e,fashion_mnist,ssb-v5,cnn,protocol-convergence-v1,0.7,0,100,1,1,91,92,0.0013640000252053142,0.002778832975309342,506707968,0.84375,0,1,b1ddea513bdb,b1ddea513bdb
8cf318d6e3862d5e,fashion_mnist,ssb-v5,cnn,protocol-convergence-v1,0.7,0,100,1,1,92,93,0.0014060420216992497,0.0027564160409383476,506707968,0.796875,0,1,b1ddea513bdb,b1ddea513bdb
8cf318d6e3862d5e,fashion_mnist,ssb-v5,cnn,protocol-convergence-v1,0.7,0,100,1,1,93,94,0.0014053750201128423,0.002761709038168192,506707968,0.8359375,0,1,b1ddea513bdb,b1ddea513bdb
8cf318d6e3862d5e,fashion_mnist,ssb-v5,cnn,protocol-convergence-v1,0.7,0,100,1,1,94,95,0.0013635840150527656,0.002839458000380546,506707968,0.8046875,0,1,b1ddea513bdb,b1ddea513bdb
8cf318d6e3862d5e,fashion_mnist,ssb-v5,cnn,protocol-convergence-v1,0.7,0,100,1,1,95,96,0.0013102919911034405,0.00275929196504876,506707968,0.8359375,0,1,b1ddea513bdb,b1ddea513bdb
8cf318d6e3862d5e,fashion_mnist,ssb-v5,cnn,protocol-convergence-v1,0.7,0,100,1,1,96,97,0.001355583022814244,0.0027951669762842357,506658816,0.8203125,0,1,b1ddea513bdb,b1ddea513bdb
8cf318d6e3862d5e,fashion_mnist,ssb-v5,cnn,protocol-convergence-v1,0.7,0,100,1,1,97,98,0.0013605839922092855,0.0028164160321466625,506675200,0.796875,0,1,b1ddea513bdb,b1ddea513bdb
8cf318d6e3862d5e,fashion_mnist,ssb-v5,cnn,protocol-convergence-v1,0.7,0,100,1,1,98,99,0.0013372919638641179,0.0028195829945616424,506675200,0.8046875,0,1,b1ddea513bdb,b1ddea513bdb
8cf318d6e3862d5e,fashion_mnist,ssb-v5,cnn,protocol-convergence-v1,0.7,0,100,1,1,99,100,0.0014148339978419244,0.0027815410285256803,506675200,0.7734375,1,2,b1ddea513bdb,b3f7c162e93d
8cf318d6e3862d5e,fashion_mnist,ssb-v5,cnn,protocol-convergence-v1,0.7,0,100,1,1,100,101,0.0014301249757409096,0.002760541974566877,506757120,0.765625,0,2,b3f7c162e93d,b3f7c162e93d
8cf318d6e3862d5e,fashion_mnist,ssb-v5,cnn,protocol-convergence-v1,0.7,0,100,1,1,101,102,0.0013771670055575669,0.0028221660177223384,506773504,0.765625,0,2,b3f7c162e93d,b3f7c162e93d
8cf318d6e3862d5e,fashion_mnist,ssb-v5,cnn,protocol-convergence-v1,0.7,0,100,1,1,102,103,0.0014163749874569476,0.002767083002254367,506789888,0.7890625,0,2,b3f7c162e93d,b3f7c162e93d
8cf318d6e3862d5e,fashion_mnist,ssb-v5,cnn,protocol-convergence-v1,0.7,0,100,1,1,103,104,0.001357375003863126,0.002827499993145466,506789888,0.8203125,0,2,b3f7c162e93d,b3f7c162e93d
8cf318d6e3862d5e,fashion_mnist,ssb-v5,cnn,protocol-convergence-v1,0.7,0,100,1,1,104,105,0.0014114579535089433,0.0028165419935248792,506789888,0.7734375,0,2,b3f7c162e93d,b3f7c162e93d
8cf318d6e3862d5e,fashion_mnist,ssb-v5,cnn,protocol-convergence-v1,0.7,0,100,1,1,105,106,0.0013648750027641654,0.0027132920222356915,506789888,0.7734375,0,2,b3f7c162e93d,b3f7c162e93d
8cf318d6e3862d5e,fashion_mnist,ssb-v5,cnn,protocol-convergence-v1,0.7,0,100,1,1,106,107,0.0013490840210579336,0.0027513749664649367,506789888,0.7421875,0,2,b3f7c162e93d,b3f7c162e93d
8cf318d6e3862d5e,fashion_mnist,ssb-v5,cnn,protocol-convergence-v1,0.7,0,100,1,1,107,108,0.0014093749923631549,0.0027632080018520355,506789888,0.8359375,0,2,b3f7c162e93d,b3f7c162e93d
8cf318d6e3862d5e,fashion_mnist,ssb-v5,cnn,protocol-convergence-v1,0.7,0,100,1,1,108,109,0.0013517499901354313,0.0028035830473527312,506789888,0.734375,0,2,b3f7c162e93d,b3f7c162e93d
8cf318d6e3862d5e,fashion_mnist,ssb-v5,cnn,protocol-convergence-v1,0.7,0,100,1,1,109,110,0.001411292003467679,0.002840499975718558,506789888,0.75,0,2,b3f7c162e93d,b3f7c162e93d
8cf318d6e3862d5e,fashion_mnist,ssb-v5,cnn,protocol-convergence-v1,0.7,0,100,1,1,110,111,0.0014436250203289092,0.0027604170027188957,506789888,0.7109375,0,2,b3f7c162e93d,b3f7c162e93d
8cf318d6e3862d5e,fashion_mnist,ssb-v5,cnn,protocol-convergence-v1,0.7,0,100,1,1,111,112,0.001359499990940094,0.0028489999822340906,506789888,0.78125,0,2,b3f7c162e93d,b3f7c162e93d
8cf318d6e3862d5e,fashion_mnist,ssb-v5,cnn,protocol-convergence-v1,0.7,0,100,1,1,112,113,0.0014290839899331331,0.0028121249633841217,506806272,0.71875,0,2,b3f7c162e93d,b3f7c162e93d
8cf318d6e3862d5e,fashion_mnist,ssb-v5,cnn,protocol-convergence-v1,0.7,0,100,1,1,113,114,0.0014252910041250288,0.0027482089935801923,506806272,0.6796875,0,2,b3f7c162e93d,b3f7c162e93d
8cf318d6e3862d5e,fashion_mnist,ssb-v5,cnn,protocol-convergence-v1,0.7,0,100,1,1,114,115,0.0013697920367121696,0.002753709035459906,506806272,0.78125,0,2,b3f7c162e93d,b3f7c162e93d
8cf318d6e3862d5e,fashion_mnist,ssb-v5,cnn,protocol-convergence-v1,0.7,0,100,1,1,115,116,0.0013263329747132957,0.0027511250227689743,506806272,0.703125,0,2,b3f7c162e93d,b3f7c162e93d
8cf318d6e3862d5e,fashion_mnist,ssb-v5,cnn,protocol-convergence-v1,0.7,0,100,1,1,116,117,0.0014168330235406756,0.0029336659936234355,506806272,0.78125,0,2,b3f7c162e93d,b3f7c162e93d
8cf318d6e3862d5e,fashion_mnist,ssb-v5,cnn,protocol-convergence-v1,0.7,0,100,1,1,117,118,0.0014250000240281224,0.002760583010967821,506806272,0.8046875,0,2,b3f7c162e93d,b3f7c162e93d
8cf318d6e3862d5e,fashion_mnist,ssb-v5,cnn,protocol-convergence-v1,0.7,0,100,1,1,118,119,0.0013665829901583493,0.002805084048304707,506806272,0.7578125,0,2,b3f7c162e93d,b3f7c162e93d
8cf318d6e3862d5e,fashion_mnist,ssb-v5,cnn,protocol-convergence-v1,0.7,0,100,1,1,119,120,0.0014193750103004277,0.0027484590536914766,506806272,0.6484375,0,2,b3f7c162e93d,b3f7c162e93d
8cf318d6e3862d5e,fashion_mnist,ssb-v5,cnn,protocol-convergence-v1,0.7,0,100,1,1,120,121,0.001361750008072704,0.002924708998762071,506806272,0.75,0,2,b3f7c162e93d,b3f7c162e93d
8cf318d6e3862d5e,fashion_mnist,ssb-v5,cnn,protocol-convergence-v1,0.7,0,100,1,1,121,122,0.0013372080284170806,0.0027969999937340617,506806272,0.78125,0,2,b3f7c162e93d,b3f7c162e93d
8cf318d6e3862d5e,fashion_mnist,ssb-v5,cnn,protocol-convergence-v1,0.7,0,100,1,1,122,123,0.0013587090070359409,0.0027477500261738896,506822656,0.71875,0,2,b3f7c162e93d,b3f7c162e93d
8cf318d6e3862d5e,fashion_mnist,ssb-v5,cnn,protocol-convergence-v1,0.7,0,100,1,1,123,124,0.0014432090101763606,0.002811207959894091,506822656,0.8359375,0,2,b3f7c162e93d,b3f7c162e93d
8cf318d6e3862d5e,fashion_mnist,ssb-v5,cnn,protocol-convergence-v1,0.7,0,100,1,1,124,125,0.0013652500347234309,0.0027992920367978513,506822656,0.796875,0,2,b3f7c162e93d,b3f7c162e93d
8cf318d6e3862d5e,fashion_mnist,ssb-v5,cnn,protocol-convergence-v1,0.7,0,100,1,1,125,126,0.0014234590344130993,0.002767415950074792,506822656,0.75,0,2,b3f7c162e93d,b3f7c162e93d
8cf318d6e3862d5e,fashion_mnist,ssb-v5,cnn,protocol-convergence-v1,0.7,0,100,1,1,126,127,0.0013730409555137157,0.002823874994646758,506822656,0.8359375,0,2,b3f7c162e93d,b3f7c162e93d
8cf318d6e3862d5e,fashion_mnist,ssb-v5,cnn,protocol-convergence-v1,0.7,0,100,1,1,127,128,0.0013383749756030738,0.0028179159853607416,506822656,0.7734375,0,2,b3f7c162e93d,b3f7c162e93d
8cf318d6e3862d5e,fashion_mnist,ssb-v5,cnn,protocol-convergence-v1,0.7,0,100,1,1,128,129,0.001408333017025143,0.0027569159865379333,506822656,0.796875,0,2,b3f7c162e93d,b3f7c162e93d
8cf318d6e3862d5e,fashion_mnist,ssb-v5,cnn,protocol-convergence-v1,0.7,0,100,1,1,129,130,0.0013597499928437173,0.002819166984409094,506822656,0.7578125,0,2,b3f7c162e93d,b3f7c162e93d
8cf318d6e3862d5e,fashion_mnist,ssb-v5,cnn,protocol-convergence-v1,0.7,0,100,1,1,130,131,0.0013563749962486327,0.0027557500288821757,506839040,0.7578125,0,2,b3f7c162e93d,b3f7c162e93d
8cf318d6e3862d5e,fashion_mnist,ssb-v5,cnn,protocol-convergence-v1,0.7,0,100,1,1,131,132,0.0014102080021984875,0.0027603330090641975,506839040,0.765625,0,2,b3f7c162e93d,b3f7c162e93d
8cf318d6e3862d5e,fashion_mnist,ssb-v5,cnn,protocol-convergence-v1,0.7,0,100,1,1,132,133,0.0013460000045597553,0.00271687499480322,506839040,0.7734375,0,2,b3f7c162e93d,b3f7c162e93d
8cf318d6e3862d5e,fashion_mnist,ssb-v5,cnn,protocol-convergence-v1,0.7,0,100,1,1,133,134,0.0013180000241845846,0.002812334045302123,506839040,0.7734375,0,2,b3f7c162e93d,b3f7c162e93d
8cf318d6e3862d5e,fashion_mnist,ssb-v5,cnn,protocol-convergence-v1,0.7,0,100,1,1,134,135,0.0014075000071898103,0.002764041011687368,506839040,0.8046875,0,2,b3f7c162e93d,b3f7c162e93d
8cf318d6e3862d5e,fashion_mnist,ssb-v5,cnn,protocol-convergence-v1,0.7,0,100,1,1,135,136,0.0013668339815922081,0.0027908749761991203,506839040,0.7109375,0,2,b3f7c162e93d,b3f7c162e93d
8cf318d6e3862d5e,fashion_mnist,ssb-v5,cnn,protocol-convergence-v1,0.7,0,100,1,1,136,137,0.001357249973807484,0.002807374985422939,506855424,0.7421875,0,2,b3f7c162e93d,b3f7c162e93d
8cf318d6e3862d5e,fashion_mnist,ssb-v5,cnn,protocol-convergence-v1,0.7,0,100,1,1,137,138,0.0014046659925952554,0.0027752500027418137,506855424,0.828125,0,2,b3f7c162e93d,b3f7c162e93d
8cf318d6e3862d5e,fashion_mnist,ssb-v5,cnn,protocol-convergence-v1,0.7,0,100,1,1,138,139,0.0013560830266214907,0.0028065830119885504,506855424,0.765625,0,2,b3f7c162e93d,b3f7c162e93d
8cf318d6e3862d5e,fashion_mnist,ssb-v5,cnn,protocol-convergence-v1,0.7,0,100,1,1,139,140,0.0014075830113142729,0.0027337500359863043,506855424,0.765625,0,2,b3f7c162e93d,b3f7c162e93d
8cf318d6e3862d5e,fashion_mnist,ssb-v5,cnn,protocol-convergence-v1,0.7,0,100,1,1,140,141,0.0013618329539895058,0.002720583986956626,506855424,0.8203125,0,2,b3f7c162e93d,b3f7c162e93d
8cf318d6e3862d5e,fashion_mnist,ssb-v5,cnn,protocol-convergence-v1,0.7,0,100,1,1,141,142,0.001315667002927512,0.002791334001813084,506855424,0.796875,0,2,b3f7c162e93d,b3f7c162e93d
8cf318d6e3862d5e,fashion_mnist,ssb-v5,cnn,protocol-convergence-v1,0.7,0,100,1,1,142,143,0.0014252920518629253,0.0027504999889060855,506855424,0.7734375,0,2,b3f7c162e93d,b3f7c162e93d
8cf318d6e3862d5e,fashion_mnist,ssb-v5,cnn,protocol-convergence-v1,0.7,0,100,1,1,143,144,0.0013596249627880752,0.0028272499912418425,506855424,0.7890625,0,2,b3f7c162e93d,b3f7c162e93d
8cf318d6e3862d5e,fashion_mnist,ssb-v5,cnn,protocol-convergence-v1,0.7,0,100,1,1,144,145,0.0014135000528767705,0.00284529197961092,506855424,0.78125,0,2,b3f7c162e93d,b3f7c162e93d
8cf318d6e3862d5e,fashion_mnist,ssb-v5,cnn,protocol-convergence-v1,0.7,0,100,1,1,145,146,0.0013907919637858868,0.0026873750030063093,506871808,0.6953125,0,2,b3f7c162e93d,b3f7c162e93d
8cf318d6e3862d5e,fashion_mnist,ssb-v5,cnn,protocol-convergence-v1,0.7,0,100,1,1,146,147,0.0014249159721657634,0.0027955829864367843,506871808,0.84375,0,2,b3f7c162e93d,b3f7c162e93d
8cf318d6e3862d5e,fashion_mnist,ssb-v5,cnn,protocol-convergence-v1,0.7,0,100,1,1,147,148,0.0013959589996375144,0.00274191697826609,506871808,0.828125,0,2,b3f7c162e93d,b3f7c162e93d
8cf318d6e3862d5e,fashion_mnist,ssb-v5,cnn,protocol-convergence-v1,0.7,0,100,1,1,148,149,0.0014610840007662773,0.0028044169885106385,506871808,0.7734375,0,2,b3f7c162e93d,b3f7c162e93d
8cf318d6e3862d5e,fashion_mnist,ssb-v5,cnn,protocol-convergence-v1,0.7,0,100,1,1,149,150,0.001427916984539479,0.0028202919638715684,506871808,0.78125,0,2,b3f7c162e93d,b3f7c162e93d
8cf318d6e3862d5e,fashion_mnist,ssb-v5,cnn,protocol-convergence-v1,0.7,0,100,1,1,150,151,0.0014133339864201844,0.002735790971200913,506871808,0.84375,0,2,b3f7c162e93d,b3f7c162e93d
8cf318d6e3862d5e,fashion_mnist,ssb-v5,cnn,protocol-convergence-v1,0.7,0,100,1,1,151,152,0.00136749999364838,0.002831541991326958,506871808,0.8203125,0,2,b3f7c162e93d,b3f7c162e93d
8cf318d6e3862d5e,fashion_mnist,ssb-v5,cnn,protocol-convergence-v1,0.7,0,100,1,1,152,153,0.0013273750082589686,0.002817708009388298,506871808,0.8046875,0,2,b3f7c162e93d,b3f7c162e93d
8cf318d6e3862d5e,fashion_mnist,ssb-v5,cnn,protocol-convergence-v1,0.7,0,100,1,1,153,154,0.0014412080054171383,0.002743292017839849,506871808,0.828125,0,2,b3f7c162e93d,b3f7c162e93d
8cf318d6e3862d5e,fashion_mnist,ssb-v5,cnn,protocol-convergence-v1,0.7,0,100,1,1,154,155,0.0013692500069737434,0.002819665998686105,506871808,0.8046875,0,2,b3f7c162e93d,b3f7c162e93d
8cf318d6e3862d5e,fashion_mnist,ssb-v5,cnn,protocol-convergence-v1,0.7,0,100,1,1,155,156,0.0014205420156940818,0.0028026250074617565,506871808,0.7578125,0,2,b3f7c162e93d,b3f7c162e93d
8cf318d6e3862d5e,fashion_mnist,ssb-v5,cnn,protocol-convergence-v1,0.7,0,100,1,1,156,157,0.0014408329734578729,0.0027357920189388096,506871808,0.890625,0,2,b3f7c162e93d,b3f7c162e93d
8cf318d6e3862d5e,fashion_mnist,ssb-v5,cnn,protocol-convergence-v1,0.7,0,100,1,1,157,158,0.0013568750000558794,0.0028147920384071767,506871808,0.8125,0,2,b3f7c162e93d,b3f7c162e93d
8cf318d6e3862d5e,fashion_mnist,ssb-v5,cnn,protocol-convergence-v1,0.7,0,100,1,1,158,159,0.001423874986357987,0.0027401669649407268,506871808,0.7890625,0,2,b3f7c162e93d,b3f7c162e93d
8cf318d6e3862d5e,fashion_mnist,ssb-v5,cnn,protocol-convergence-v1,0.7,0,100,1,1,159,160,0.0014055829960852861,0.002778832975309342,506871808,0.7734375,0,2,b3f7c162e93d,b3f7c162e93d
8cf318d6e3862d5e,fashion_mnist,ssb-v5,cnn,protocol-convergence-v1,0.7,0,100,1,1,160,161,0.0013633749913424253,0.0028058330062776804,506871808,0.8203125,0,2,b3f7c162e93d,b3f7c162e93d
8cf318d6e3862d5e,fashion_mnist,ssb-v5,cnn,protocol-convergence-v1,0.7,0,100,1,1,161,162,0.001415541977621615,0.0028086249949410558,506888192,0.765625,0,2,b3f7c162e93d,b3f7c162e93d
8cf318d6e3862d5e,fashion_mnist,ssb-v5,cnn,protocol-convergence-v1,0.7,0,100,1,1,162,163,0.0014320840127766132,0.00277591694612056,506888192,0.859375,0,2,b3f7c162e93d,b3f7c162e93d
8cf318d6e3862d5e,fashion_mnist,ssb-v5,cnn,protocol-convergence-v1,0.7,0,100,1,1,163,164,0.001358040957711637,0.002802999981213361,506904576,0.84375,0,2,b3f7c162e93d,b3f7c162e93d
8cf318d6e3862d5e,fashion_mnist,ssb-v5,cnn,protocol-convergence-v1,0.7,0,100,1,1,164,165,0.001428375020623207,0.002801500027999282,506904576,0.84375,0,2,b3f7c162e93d,b3f7c162e93d
8cf318d6e3862d5e,fashion_mnist,ssb-v5,cnn,protocol-convergence-v1,0.7,0,100,1,1,165,166,0.0013630830217152834,0.002677417011000216,506904576,0.84375,0,2,b3f7c162e93d,b3f7c162e93d
8cf318d6e3862d5e,fashion_mnist,ssb-v5,cnn,protocol-convergence-v1,0.7,0,100,1,1,166,167,0.0013120000367052853,0.002795458014588803,506904576,0.8359375,0,2,b3f7c162e93d,b3f7c162e93d
8cf318d6e3862d5e,fashion_mnist,ssb-v5,cnn,protocol-convergence-v1,0.7,0,100,1,1,167,168,0.0014110420015640557,0.002741415984928608,506904576,0.796875,0,2,b3f7c162e93d,b3f7c162e93d
8cf318d6e3862d5e,fashion_mnist,ssb-v5,cnn,protocol-convergence-v1,0.7,0,100,1,1,168,169,0.0013729999773204327,0.002806750009767711,506904576,0.8046875,0,2,b3f7c162e93d,b3f7c162e93d
8cf318d6e3862d5e,fashion_mnist,ssb-v5,cnn,protocol-convergence-v1,0.7,0,100,1,1,169,170,0.0013284170418046415,0.0028306670137681067,506904576,0.8828125,0,2,b3f7c162e93d,b3f7c162e93d
8cf318d6e3862d5e,fashion_mnist,ssb-v5,cnn,protocol-convergence-v1,0.7,0,100,1,1,170,171,0.0014194580144248903,0.00277404097141698,506904576,0.84375,0,2,b3f7c162e93d,b3f7c162e93d
8cf318d6e3862d5e,fashion_mnist,ssb-v5,cnn,protocol-convergence-v1,0.7,0,100,1,1,171,172,0.001376124972011894,0.0027257500332780182,506920960,0.890625,0,2,b3f7c162e93d,b3f7c162e93d
8cf318d6e3862d5e,fashion_mnist,ssb-v5,cnn,protocol-convergence-v1,0.7,0,100,1,1,172,173,0.0014111250056885183,0.0027527500060386956,506920960,0.859375,0,2,b3f7c162e93d,b3f7c162e93d
8cf318d6e3862d5e,fashion_mnist,ssb-v5,cnn,protocol-convergence-v1,0.7,0,100,1,1,173,174,0.001359459012746811,0.002822041977196932,506920960,0.8046875,0,2,b3f7c162e93d,b3f7c162e93d
8cf318d6e3862d5e,fashion_mnist,ssb-v5,cnn,protocol-convergence-v1,0.7,0,100,1,1,174,175,0.001317957998253405,0.0028639580123126507,506920960,0.859375,0,2,b3f7c162e93d,b3f7c162e93d
8cf318d6e3862d5e,fashion_mnist,ssb-v5,cnn,protocol-convergence-v1,0.7,0,100,1,1,175,176,0.0014219169970601797,0.002744708035606891,506920960,0.7734375,0,2,b3f7c162e93d,b3f7c162e93d
8cf318d6e3862d5e,fashion_mnist,ssb-v5,cnn,protocol-convergence-v1,0.7,0,100,1,1,176,177,0.0013654999784193933,0.002810667036101222,506920960,0.828125,0,2,b3f7c162e93d,b3f7c162e93d
8cf318d6e3862d5e,fashion_mnist,ssb-v5,cnn,protocol-convergence-v1,0.7,0,100,1,1,177,178,0.0014083340065553784,0.0028183750109747052,506920960,0.796875,0,2,b3f7c162e93d,b3f7c162e93d
8cf318d6e3862d5e,fashion_mnist,ssb-v5,cnn,protocol-convergence-v1,0.7,0,100,1,1,178,179,0.0014071250334382057,0.0027488750056363642,506920960,0.90625,0,2,b3f7c162e93d,b3f7c162e93d
8cf318d6e3862d5e,fashion_mnist,ssb-v5,cnn,protocol-convergence-v1,0.7,0,100,1,1,179,180,0.0013749589561484754,0.0027565420023165643,506920960,0.875,0,2,b3f7c162e93d,b3f7c162e93d
8cf318d6e3862d5e,fashion_mnist,ssb-v5,cnn,protocol-convergence-v1,0.7,0,100,1,1,180,181,0.0014165840111672878,0.002749584033153951,506920960,0.875,0,2,b3f7c162e93d,b3f7c162e93d
8cf318d6e3862d5e,fashion_mnist,ssb-v5,cnn,protocol-convergence-v1,0.7,0,100,1,1,181,182,0.001344999996945262,0.002822957991156727,506920960,0.8359375,0,2,b3f7c162e93d,b3f7c162e93d
8cf318d6e3862d5e,fashion_mnist,ssb-v5,cnn,protocol-convergence-v1,0.7,0,100,1,1,182,183,0.0014202919555827975,0.002817499975208193,506920960,0.8515625,0,2,b3f7c162e93d,b3f7c162e93d
8cf318d6e3862d5e,fashion_mnist,ssb-v5,cnn,protocol-convergence-v1,0.7,0,100,1,1,183,184,0.0013557079946622252,0.002694416034501046,506920960,0.828125,0,2,b3f7c162e93d,b3f7c162e93d
8cf318d6e3862d5e,fashion_mnist,ssb-v5,cnn,protocol-convergence-v1,0.7,0,100,1,1,184,185,0.0013802920002490282,0.0028068750398233533,506920960,0.8046875,0,2,b3f7c162e93d,b3f7c162e93d
8cf318d6e3862d5e,fashion_mnist,ssb-v5,cnn,protocol-convergence-v1,0.7,0,100,1,1,185,186,0.0014144169981591403,0.0027526250341907144,506920960,0.8828125,0,2,b3f7c162e93d,b3f7c162e93d
8cf318d6e3862d5e,fashion_mnist,ssb-v5,cnn,protocol-convergence-v1,0.7,0,100,1,1,186,187,0.0013472079881466925,0.002722625038586557,506920960,0.8125,0,2,b3f7c162e93d,b3f7c162e93d
8cf318d6e3862d5e,fashion_mnist,ssb-v5,cnn,protocol-convergence-v1,0.7,0,100,1,1,187,188,0.0013094579917378724,0.0026823750231415033,506920960,0.8359375,0,2,b3f7c162e93d,b3f7c162e93d
8cf318d6e3862d5e,fashion_mnist,ssb-v5,cnn,protocol-convergence-v1,0.7,0,100,1,1,188,189,0.0013620409881696105,0.0027939589926972985,506920960,0.8359375,0,2,b3f7c162e93d,b3f7c162e93d
8cf318d6e3862d5e,fashion_mnist,ssb-v5,cnn,protocol-convergence-v1,0.7,0,100,1,1,189,190,0.0013267080066725612,0.002816457999870181,506937344,0.8515625,0,2,b3f7c162e93d,b3f7c162e93d
8cf318d6e3862d5e,fashion_mnist,ssb-v5,cnn,protocol-convergence-v1,0.7,0,100,1,1,190,191,0.0013640830293297768,0.0028083749930374324,506937344,0.828125,0,2,b3f7c162e93d,b3f7c162e93d
8cf318d6e3862d5e,fashion_mnist,ssb-v5,cnn,protocol-convergence-v1,0.7,0,100,1,1,191,192,0.00134712498402223,0.0028386670164763927,506937344,0.8359375,0,2,b3f7c162e93d,b3f7c162e93d
8cf318d6e3862d5e,fashion_mnist,ssb-v5,cnn,protocol-convergence-v1,0.7,0,100,1,1,192,193,0.001334209053311497,0.002791375038214028,506937344,0.8671875,0,2,b3f7c162e93d,b3f7c162e93d
8cf318d6e3862d5e,fashion_mnist,ssb-v5,cnn,protocol-convergence-v1,0.7,0,100,1,1,193,194,0.0014061660040169954,0.0027347499853931367,506937344,0.8359375,0,2,b3f7c162e93d,b3f7c162e93d
8cf318d6e3862d5e,fashion_mnist,ssb-v5,cnn,protocol-convergence-v1,0.7,0,100,1,1,194,195,0.0013582080136984587,0.002816124993842095,506937344,0.90625,0,2,b3f7c162e93d,b3f7c162e93d
8cf318d6e3862d5e,fashion_mnist,ssb-v5,cnn,protocol-convergence-v1,0.7,0,100,1,1,195,196,0.0013680830015800893,0.0027955409605056047,506937344,0.7578125,0,2,b3f7c162e93d,b3f7c162e93d
8cf318d6e3862d5e,fashion_mnist,ssb-v5,cnn,protocol-convergence-v1,0.7,0,100,1,1,196,197,0.0013704579905606806,0.00278850004542619,506937344,0.828125,0,2,b3f7c162e93d,b3f7c162e93d
8cf318d6e3862d5e,fashion_mnist,ssb-v5,cnn,protocol-convergence-v1,0.7,0,100,1,1,197,198,0.0013473749859258533,0.0028414580156095326,506937344,0.8046875,0,2,b3f7c162e93d,b3f7c162e93d
8cf318d6e3862d5e,fashion_mnist,ssb-v5,cnn,protocol-convergence-v1,0.7,0,100,1,1,198,199,0.0014060000539757311,0.0029402910149656236,506937344,0.796875,0,2,b3f7c162e93d,b3f7c162e93d
8cf318d6e3862d5e,fashion_mnist,ssb-v5,cnn,protocol-convergence-v1,0.7,0,100,1,1,199,200,0.0014222909812815487,0.0027422079583629966,506937344,0.8359375,1,3,b3f7c162e93d,86aef70b803c
8cf318d6e3862d5e,fashion_mnist,ssb-v5,cnn,protocol-convergence-v1,0.7,0,100,1,1,200,201,0.0014106250018812716,0.002789999998640269,507002880,0.75,0,3,86aef70b803c,86aef70b803c
8cf318d6e3862d5e,fashion_mnist,ssb-v5,cnn,protocol-convergence-v1,0.7,0,100,1,1,201,202,0.0013662500423379242,0.00281483301660046,507019264,0.828125,0,3,86aef70b803c,86aef70b803c
8cf318d6e3862d5e,fashion_mnist,ssb-v5,cnn,protocol-convergence-v1,0.7,0,100,1,1,202,203,0.0014034169726073742,0.0027417499804869294,507035648,0.8125,0,3,86aef70b803c,86aef70b803c
8cf318d6e3862d5e,fashion_mnist,ssb-v5,cnn,protocol-convergence-v1,0.7,0,100,1,1,203,204,0.0013510420103557408,0.0028426250210031867,507035648,0.6875,0,3,86aef70b803c,86aef70b803c
8cf318d6e3862d5e,fashion_mnist,ssb-v5,cnn,protocol-convergence-v1,0.7,0,100,1,1,204,205,0.0014273339766077697,0.0028144170064479113,507035648,0.734375,0,3,86aef70b803c,86aef70b803c
8cf318d6e3862d5e,fashion_mnist,ssb-v5,cnn,protocol-convergence-v1,0.7,0,100,1,1,205,206,0.0014028329751454294,0.0027561250026337802,507035648,0.8359375,0,3,86aef70b803c,86aef70b803c
8cf318d6e3862d5e,fashion_mnist,ssb-v5,cnn,protocol-convergence-v1,0.7,0,100,1,1,206,207,0.0013564999680966139,0.0028012500260956585,507035648,0.8125,0,3,86aef70b803c,86aef70b803c
8cf318d6e3862d5e,fashion_mnist,ssb-v5,cnn,protocol-convergence-v1,0.7,0,100,1,1,207,208,0.0013948329724371433,0.002770291001070291,507035648,0.859375,0,3,86aef70b803c,86aef70b803c
8cf318d6e3862d5e,fashion_mnist,ssb-v5,cnn,protocol-convergence-v1,0.7,0,100,1,1,208,209,0.001358084031380713,0.0028225830174051225,507035648,0.828125,0,3,86aef70b803c,86aef70b803c
8cf318d6e3862d5e,fashion_mnist,ssb-v5,cnn,protocol-convergence-v1,0.7,0,100,1,1,209,210,0.001416333019733429,0.0028000420425087214,507035648,0.859375,0,3,86aef70b803c,86aef70b803c
8cf318d6e3862d5e,fashion_mnist,ssb-v5,cnn,protocol-convergence-v1,0.7,0,100,1,1,210,211,0.0013502080109901726,0.0028058330062776804,507035648,0.8515625,0,3,86aef70b803c,86aef70b803c
8cf318d6e3862d5e,fashion_mnist,ssb-v5,cnn,protocol-convergence-v1,0.7,0,100,1,1,211,212,0.0013284169835969806,0.002747291000559926,507035648,0.7734375,0,3,86aef70b803c,86aef70b803c
8cf318d6e3862d5e,fashion_mnist,ssb-v5,cnn,protocol-convergence-v1,0.7,0,100,1,1,212,213,0.0013509999844245613,0.002807791985105723,507035648,0.8671875,0,3,86aef70b803c,86aef70b803c
8cf318d6e3862d5e,fashion_mnist,ssb-v5,cnn,protocol-convergence-v1,0.7,0,100,1,1,213,214,0.0013840830069966614,0.0028042090125381947,507035648,0.84375,0,3,86aef70b803c,86aef70b803c
8cf318d6e3862d5e,fashion_mnist,ssb-v5,cnn,protocol-convergence-v1,0.7,0,100,1,1,214,215,0.0013968749553896487,0.0027692500152625144,507035648,0.796875,0,3,86aef70b803c,86aef70b803c
8cf318d6e3862d5e,fashion_mnist,ssb-v5,cnn,protocol-convergence-v1,0.7,0,100,1,1,215,216,0.0013459579786285758,0.002842582995072007,507035648,0.8203125,0,3,86aef70b803c,86aef70b803c
8cf318d6e3862d5e,fashion_mnist,ssb-v5,cnn,protocol-convergence-v1,0.7,0,100,1,1,216,217,0.0014001249801367521,0.002763958997093141,507035648,0.8671875,0,3,86aef70b803c,86aef70b803c
8cf318d6e3862d5e,fashion_mnist,ssb-v5,cnn,protocol-convergence-v1,0.7,0,100,1,1,217,218,0.0013488330296240747,0.0027999170124530792,507035648,0.84375,0,3,86aef70b803c,86aef70b803c
8cf318d6e3862d5e,fashion_mnist,ssb-v5,cnn,protocol-convergence-v1,0.7,0,100,1,1,218,219,0.0014093330246396363,0.0027878329856321216,507035648,0.7890625,0,3,86aef70b803c,86aef70b803c
8cf318d6e3862d5e,fashion_mnist,ssb-v5,cnn,protocol-convergence-v1,0.7,0,100,1,1,219,220,0.001337125024292618,0.0028212079778313637,507035648,0.8515625,0,3,86aef70b803c,86aef70b803c
8cf318d6e3862d5e,fashion_mnist,ssb-v5,cnn,protocol-convergence-v1,0.7,0,100,1,1,220,221,0.0013113330351188779,0.0027872499777004123,507035648,0.7578125,0,3,86aef70b803c,86aef70b803c
8cf318d6e3862d5e,fashion_mnist,ssb-v5,cnn,protocol-convergence-v1,0.7,0,100,1,1,221,222,0.0013873339630663395,0.002759499999228865,507035648,0.78125,0,3,86aef70b803c,86aef70b803c
8cf318d6e3862d5e,fashion_mnist,ssb-v5,cnn,protocol-convergence-v1,0.7,0,100,1,1,222,223,0.0013532909797504544,0.0028039999888278544,507052032,0.828125,0,3,86aef70b803c,86aef70b803c
8cf318d6e3862d5e,fashion_mnist,ssb-v5,cnn,protocol-convergence-v1,0.7,0,100,1,1,223,224,0.0014340829802677035,0.002832499973010272,507052032,0.7890625,0,3,86aef70b803c,86aef70b803c
8cf318d6e3862d5e,fashion_mnist,ssb-v5,cnn,protocol-convergence-v1,0.7,0,100,1,1,224,225,0.001347250014077872,0.0027381249819882214,507052032,0.796875,0,3,86aef70b803c,86aef70b803c
8cf318d6e3862d5e,fashion_mnist,ssb-v5,cnn,protocol-convergence-v1,0.7,0,100,1,1,225,226,0.001323667005635798,0.0027881249552592635,507052032,0.8203125,0,3,86aef70b803c,86aef70b803c
8cf318d6e3862d5e,fashion_mnist,ssb-v5,cnn,protocol-convergence-v1,0.7,0,100,1,1,226,227,0.0013441659975796938,0.0027314170147292316,507052032,0.703125,0,3,86aef70b803c,86aef70b803c
8cf318d6e3862d5e,fashion_mnist,ssb-v5,cnn,protocol-convergence-v1,0.7,0,100,1,1,227,228,0.001400040986482054,0.002869666030164808,507052032,0.7734375,0,3,86aef70b803c,86aef70b803c
8cf318d6e3862d5e,fashion_mnist,ssb-v5,cnn,protocol-convergence-v1,0.7,0,100,1,1,228,229,0.001357375003863126,0.002815707994159311,507052032,0.7890625,0,3,86aef70b803c,86aef70b803c
8cf318d6e3862d5e,fashion_mnist,ssb-v5,cnn,protocol-convergence-v1,0.7,0,100,1,1,229,230,0.0014072080375626683,0.0028042500489391387,507052032,0.8359375,0,3,86aef70b803c,86aef70b803c
8cf318d6e3862d5e,fashion_mnist,ssb-v5,cnn,protocol-convergence-v1,0.7,0,100,1,1,230,231,0.001392457983456552,0.002759208029601723,507052032,0.859375,0,3,86aef70b803c,86aef70b803c
8cf318d6e3862d5e,fashion_mnist,ssb-v5,cnn,protocol-convergence-v1,0.7,0,100,1,1,231,232,0.0014070000033825636,0.002801083028316498,507052032,0.78125,0,3,86aef70b803c,86aef70b803c
8cf318d6e3862d5e,fashion_mnist,ssb-v5,cnn,protocol-convergence-v1,0.7,0,100,1,1,232,233,0.0014796669711358845,0.0027462500147521496,507052032,0.828125,0,3,86aef70b803c,86aef70b803c
8cf318d6e3862d5e,fashion_mnist,ssb-v5,cnn,protocol-convergence-v1,0.7,0,100,1,1,233,234,0.0013503750087693334,0.0027982500032521784,507068416,0.859375,0,3,86aef70b803c,86aef70b803c
8cf318d6e3862d5e,fashion_mnist,ssb-v5,cnn,protocol-convergence-v1,0.7,0,100,1,1,234,235,0.0014108329778537154,0.002807500015478581,507068416,0.8984375,0,3,86aef70b803c,86aef70b803c
8cf318d6e3862d5e,fashion_mnist,ssb-v5,cnn,protocol-convergence-v1,0.7,0,100,1,1,235,236,0.001406499999575317,0.002757999987807125,507084800,0.7890625,0,3,86aef70b803c,86aef70b803c
8cf318d6e3862d5e,fashion_mnist,ssb-v5,cnn,protocol-convergence-v1,0.7,0,100,1,1,236,237,0.0013955000322312117,0.002808417018968612,507084800,0.828125,0,3,86aef70b803c,86aef70b803c
8cf318d6e3862d5e,fashion_mnist,ssb-v5,cnn,protocol-convergence-v1,0.7,0,100,1,1,237,238,0.001357375003863126,0.0027018749970011413,507084800,0.84375,0,3,86aef70b803c,86aef70b803c
8cf318d6e3862d5e,fashion_mnist,ssb-v5,cnn,protocol-convergence-v1,0.7,0,100,1,1,238,239,0.0014045840362086892,0.0028180420049466193,507084800,0.8046875,0,3,86aef70b803c,86aef70b803c
8cf318d6e3862d5e,fashion_mnist,ssb-v5,cnn,protocol-convergence-v1,0.7,0,100,1,1,239,240,0.001348958001472056,0.0027065419708378613,507101184,0.7734375,0,3,86aef70b803c,86aef70b803c
8cf318d6e3862d5e,fashion_mnist,ssb-v5,cnn,protocol-convergence-v1,0.7,0,100,1,1,240,241,0.0013214999926276505,0.0028100829804316163,507101184,0.8671875,0,3,86aef70b803c,86aef70b803c
8cf318d6e3862d5e,fashion_mnist,ssb-v5,cnn,protocol-convergence-v1,0.7,0,100,1,1,241,242,0.0014134999946691096,0.0027365830028429627,507117568,0.8203125,0,3,86aef70b803c,86aef70b803c
8cf318d6e3862d5e,fashion_mnist,ssb-v5,cnn,protocol-convergence-v1,0.7,0,100,1,1,242,243,0.0013453749706968665,0.002787583041936159,507117568,0.90625,0,3,86aef70b803c,86aef70b803c
8cf318d6e3862d5e,fashion_mnist,ssb-v5,cnn,protocol-convergence-v1,0.7,0,100,1,1,243,244,0.0013990000006742775,0.002757208014372736,507117568,0.8203125,0,3,86aef70b803c,86aef70b803c
8cf318d6e3862d5e,fashion_mnist,ssb-v5,cnn,protocol-convergence-v1,0.7,0,100,1,1,244,245,0.0013477079919539392,0.0028137920307926834,507117568,0.8359375,0,3,86aef70b803c,86aef70b803c
8cf318d6e3862d5e,fashion_mnist,ssb-v5,cnn,protocol-convergence-v1,0.7,0,100,1,1,245,246,0.0013987499987706542,0.0027374589699320495,507117568,0.828125,0,3,86aef70b803c,86aef70b803c
8cf318d6e3862d5e,fashion_mnist,ssb-v5,cnn,protocol-convergence-v1,0.7,0,100,1,1,246,247,0.0013398750452324748,0.0028009579982608557,507117568,0.8359375,0,3,86aef70b803c,86aef70b803c
8cf318d6e3862d5e,fashion_mnist,ssb-v5,cnn,protocol-convergence-v1,0.7,0,100,1,1,247,248,0.0013981249649077654,0.002748000028077513,507117568,0.8671875,0,3,86aef70b803c,86aef70b803c
8cf318d6e3862d5e,fashion_mnist,ssb-v5,cnn,protocol-convergence-v1,0.7,0,100,1,1,248,249,0.0013439999893307686,0.0028396249981597066,507117568,0.8671875,0,3,86aef70b803c,86aef70b803c
8cf318d6e3862d5e,fashion_mnist,ssb-v5,cnn,protocol-convergence-v1,0.7,0,100,1,1,249,250,0.001392125035636127,0.0027314169565215707,507117568,0.875,0,3,86aef70b803c,86aef70b803c
8cf318d6e3862d5e,fashion_mnist,ssb-v5,cnn,protocol-convergence-v1,0.7,0,100,1,1,250,251,0.0013442920171655715,0.002807290991768241,507117568,0.8828125,0,3,86aef70b803c,86aef70b803c
8cf318d6e3862d5e,fashion_mnist,ssb-v5,cnn,protocol-convergence-v1,0.7,0,100,1,1,251,252,0.0014084160211496055,0.0027930419892072678,507117568,0.8125,0,3,86aef70b803c,86aef70b803c
8cf318d6e3862d5e,fashion_mnist,ssb-v5,cnn,protocol-convergence-v1,0.7,0,100,1,1,252,253,0.0013476670137606561,0.002754458982963115,507117568,0.859375,0,3,86aef70b803c,86aef70b803c
8cf318d6e3862d5e,fashion_mnist,ssb-v5,cnn,protocol-convergence-v1,0.7,0,100,1,1,253,254,0.0013412080006673932,0.0028220420354045928,507117568,0.8515625,0,3,86aef70b803c,86aef70b803c
8cf318d6e3862d5e,fashion_mnist,ssb-v5,cnn,protocol-convergence-v1,0.7,0,100,1,1,254,255,0.0013958329800516367,0.0027666250243782997,507117568,0.734375,0,3,86aef70b803c,86aef70b803c
8cf318d6e3862d5e,fashion_mnist,ssb-v5,cnn,protocol-convergence-v1,0.7,0,100,1,1,255,256,0.0013433750136755407,0.002809666038956493,507117568,0.7265625,0,3,86aef70b803c,86aef70b803c
8cf318d6e3862d5e,fashion_mnist,ssb-v5,cnn,protocol-convergence-v1,0.7,0,100,1,1,256,257,0.001342875009868294,0.0028066670056432486,507133952,0.8359375,0,3,86aef70b803c,86aef70b803c
8cf318d6e3862d5e,fashion_mnist,ssb-v5,cnn,protocol-convergence-v1,0.7,0,100,1,1,257,258,0.0013350829831324518,0.0028107920079492033,507133952,0.8515625,0,3,86aef70b803c,86aef70b803c
8cf318d6e3862d5e,fashion_mnist,ssb-v5,cnn,protocol-convergence-v1,0.7,0,100,1,1,258,259,0.0014049160527065396,0.002808750024996698,507133952,0.8203125,0,3,86aef70b803c,86aef70b803c
8cf318d6e3862d5e,fashion_mnist,ssb-v5,cnn,protocol-convergence-v1,0.7,0,100,1,1,259,260,0.0014134589582681656,0.0026953750057145953,507150336,0.8125,0,3,86aef70b803c,86aef70b803c
8cf318d6e3862d5e,fashion_mnist,ssb-v5,cnn,protocol-convergence-v1,0.7,0,100,1,1,260,261,0.0013056250172667205,0.002930459042545408,507150336,0.8203125,0,3,86aef70b803c,86aef70b803c
8cf318d6e3862d5e,fashion_mnist,ssb-v5,cnn,protocol-convergence-v1,0.7,0,100,1,1,261,262,0.001403207948897034,0.0027408329769968987,507150336,0.8046875,0,3,86aef70b803c,86aef70b803c
8cf318d6e3862d5e,fashion_mnist,ssb-v5,cnn,protocol-convergence-v1,0.7,0,100,1,1,262,263,0.0012895409599877894,0.0028064160142093897,507150336,0.84375,0,3,86aef70b803c,86aef70b803c
8cf318d6e3862d5e,fashion_mnist,ssb-v5,cnn,protocol-convergence-v1,0.7,0,100,1,1,263,264,0.001333041989710182,0.0027966669877059758,507150336,0.8203125,0,3,86aef70b803c,86aef70b803c
8cf318d6e3862d5e,fashion_mnist,ssb-v5,cnn,protocol-convergence-v1,0.7,0,100,1,1,264,265,0.0014035829808562994,0.002806750009767711,507150336,0.8203125,0,3,86aef70b803c,86aef70b803c
8cf318d6e3862d5e,fashion_mnist,ssb-v5,cnn,protocol-convergence-v1,0.7,0,100,1,1,265,266,0.0014030830352567136,0.002751625026576221,507150336,0.75,0,3,86aef70b803c,86aef70b803c
8cf318d6e3862d5e,fashion_mnist,ssb-v5,cnn,protocol-convergence-v1,0.7,0,100,1,1,266,267,0.0012954590492881835,0.0027980830054730177,507150336,0.9140625,0,3,86aef70b803c,86aef70b803c
8cf318d6e3862d5e,fashion_mnist,ssb-v5,cnn,protocol-convergence-v1,0.7,0,100,1,1,267,268,0.0013992500025779009,0.0027979170554317534,507150336,0.8359375,0,3,86aef70b803c,86aef70b803c
8cf318d6e3862d5e,fashion_mnist,ssb-v5,cnn,protocol-convergence-v1,0.7,0,100,1,1,268,269,0.0014708749949932098,0.002796166983898729,507150336,0.7890625,0,3,86aef70b803c,86aef70b803c
8cf318d6e3862d5e,fashion_mnist,ssb-v5,cnn,protocol-convergence-v1,0.7,0,100,1,1,269,270,0.0014027089928276837,0.002756332978606224,507150336,0.875,0,3,86aef70b803c,86aef70b803c
8cf318d6e3862d5e,fashion_mnist,ssb-v5,cnn,protocol-convergence-v1,0.7,0,100,1,1,270,271,0.0013355829869396985,0.0027626670198515058,507150336,0.8671875,0,3,86aef70b803c,86aef70b803c
8cf318d6e3862d5e,fashion_mnist,ssb-v5,cnn,protocol-convergence-v1,0.7,0,100,1,1,271,272,0.0013162500108592212,0.0027226670063100755,507150336,0.84375,0,3,86aef70b803c,86aef70b803c
8cf318d6e3862d5e,fashion_mnist,ssb-v5,cnn,protocol-convergence-v1,0.7,0,100,1,1,272,273,0.00136524997651577,0.002717291994486004,507150336,0.859375,0,3,86aef70b803c,86aef70b803c
8cf318d6e3862d5e,fashion_mnist,ssb-v5,cnn,protocol-convergence-v1,0.7,0,100,1,1,273,274,0.0012997090234421194,0.0028013749979436398,507150336,0.84375,0,3,86aef70b803c,86aef70b803c
8cf318d6e3862d5e,fashion_mnist,ssb-v5,cnn,protocol-convergence-v1,0.7,0,100,1,1,274,275,0.0015081249875947833,0.0027640420012176037,507150336,0.875,0,3,86aef70b803c,86aef70b803c
8cf318d6e3862d5e,fashion_mnist,ssb-v5,cnn,protocol-convergence-v1,0.7,0,100,1,1,275,276,0.0013370829983614385,0.002803292009048164,507150336,0.796875,0,3,86aef70b803c,86aef70b803c
8cf318d6e3862d5e,fashion_mnist,ssb-v5,cnn,protocol-convergence-v1,0.7,0,100,1,1,276,277,0.0013813750119879842,0.002756166970357299,507166720,0.84375,0,3,86aef70b803c,86aef70b803c
8cf318d6e3862d5e,fashion_mnist,ssb-v5,cnn,protocol-convergence-v1,0.7,0,100,1,1,277,278,0.0013456249726004899,0.002799250010866672,507166720,0.8828125,0,3,86aef70b803c,86aef70b803c
8cf318d6e3862d5e,fashion_mnist,ssb-v5,cnn,protocol-convergence-v1,0.7,0,100,1,1,278,279,0.0013968750135973096,0.002795125008560717,507166720,0.859375,0,3,86aef70b803c,86aef70b803c
8cf318d6e3862d5e,fashion_mnist,ssb-v5,cnn,protocol-convergence-v1,0.7,0,100,1,1,279,280,0.001348750025499612,0.002796374959871173,507183104,0.78125,0,3,86aef70b803c,86aef70b803c
8cf318d6e3862d5e,fashion_mnist,ssb-v5,cnn,protocol-convergence-v1,0.7,0,100,1,1,280,281,0.0013528339914046228,0.002806957985740155,507183104,0.84375,0,3,86aef70b803c,86aef70b803c
8cf318d6e3862d5e,fashion_mnist,ssb-v5,cnn,protocol-convergence-v1,0.7,0,100,1,1,281,282,0.0013997919741086662,0.002728499996010214,507199488,0.8671875,0,3,86aef70b803c,86aef70b803c
8cf318d6e3862d5e,fashion_mnist,ssb-v5,cnn,protocol-convergence-v1,0.7,0,100,1,1,282,283,0.0013448750250972807,0.0028169999714009464,507199488,0.8203125,0,3,86aef70b803c,86aef70b803c
8cf318d6e3862d5e,fashion_mnist,ssb-v5,cnn,protocol-convergence-v1,0.7,0,100,1,1,283,284,0.0013937920448370278,0.0027511660009622574,507199488,0.78125,0,3,86aef70b803c,86aef70b803c
8cf318d6e3862d5e,fashion_mnist,ssb-v5,cnn,protocol-convergence-v1,0.7,0,100,1,1,284,285,0.0013498329790309072,0.002813125029206276,507199488,0.8828125,0,3,86aef70b803c,86aef70b803c
8cf318d6e3862d5e,fashion_mnist,ssb-v5,cnn,protocol-convergence-v1,0.7,0,100,1,1,285,286,0.0013987919664941728,0.002733541012275964,507199488,0.828125,0,3,86aef70b803c,86aef70b803c
8cf318d6e3862d5e,fashion_mnist,ssb-v5,cnn,protocol-convergence-v1,0.7,0,100,1,1,286,287,0.0013494169688783586,0.0027983750333078206,507199488,0.8046875,0,3,86aef70b803c,86aef70b803c
8cf318d6e3862d5e,fashion_mnist,ssb-v5,cnn,protocol-convergence-v1,0.7,0,100,1,1,287,288,0.001383042021188885,0.002831541991326958,507199488,0.7890625,0,3,86aef70b803c,86aef70b803c
8cf318d6e3862d5e,fashion_mnist,ssb-v5,cnn,protocol-convergence-v1,0.7,0,100,1,1,288,289,0.001407375035341829,0.0027338340296410024,507199488,0.7890625,0,3,86aef70b803c,86aef70b803c
8cf318d6e3862d5e,fashion_mnist,ssb-v5,cnn,protocol-convergence-v1,0.7,0,100,1,1,289,290,0.0013035410083830357,0.0028024580096825957,507199488,0.796875,0,3,86aef70b803c,86aef70b803c
8cf318d6e3862d5e,fashion_mnist,ssb-v5,cnn,protocol-convergence-v1,0.7,0,100,1,1,290,291,0.0013415410066954792,0.0027583750197663903,507199488,0.8671875,0,3,86aef70b803c,86aef70b803c
8cf318d6e3862d5e,fashion_mnist,ssb-v5,cnn,protocol-convergence-v1,0.7,0,100,1,1,291,292,0.0013489159755408764,0.0028035830473527312,507199488,0.859375,0,3,86aef70b803c,86aef70b803c
8cf318d6e3862d5e,fashion_mnist,ssb-v5,cnn,protocol-convergence-v1,0.7,0,100,1,1,292,293,0.0013455839944072068,0.0027961659943684936,507199488,0.8359375,0,3,86aef70b803c,86aef70b803c
8cf318d6e3862d5e,fashion_mnist,ssb-v5,cnn,protocol-convergence-v1,0.7,0,100,1,1,293,294,0.0013343330356292427,0.0027138330042362213,507199488,0.828125,0,3,86aef70b803c,86aef70b803c
8cf318d6e3862d5e,fashion_mnist,ssb-v5,cnn,protocol-convergence-v1,0.7,0,100,1,1,294,295,0.0013956250040791929,0.002828249998856336,507199488,0.8515625,0,3,86aef70b803c,86aef70b803c
8cf318d6e3862d5e,fashion_mnist,ssb-v5,cnn,protocol-convergence-v1,0.7,0,100,1,1,295,296,0.001389457960613072,0.0027292919694446027,507199488,0.8203125,0,3,86aef70b803c,86aef70b803c
8cf318d6e3862d5e,fashion_mnist,ssb-v5,cnn,protocol-convergence-v1,0.7,0,100,1,1,296,297,0.0013716249959543347,0.0027998749865218997,507199488,0.78125,0,3,86aef70b803c,86aef70b803c
8cf318d6e3862d5e,fashion_mnist,ssb-v5,cnn,protocol-convergence-v1,0.7,0,100,1,1,297,298,0.0013975839829072356,0.0027526250341907144,507199488,0.90625,0,3,86aef70b803c,86aef70b803c
8cf318d6e3862d5e,fashion_mnist,ssb-v5,cnn,protocol-convergence-v1,0.7,0,100,1,1,298,299,0.0013503329828381538,0.002784834010526538,507199488,0.859375,0,3,86aef70b803c,86aef70b803c
8cf318d6e3862d5e,fashion_mnist,ssb-v5,cnn,protocol-convergence-v1,0.7,0,100,1,1,299,300,0.0014078749809414148,0.002801624999847263,507215872,0.875,1,4,86aef70b803c,00c6535d8b7f
8cf318d6e3862d5e,fashion_mnist,ssb-v5,cnn,protocol-convergence-v1,0.7,0,100,1,1,300,301,0.0014527919702231884,0.002748625003732741,507215872,0.8359375,0,4,00c6535d8b7f,00c6535d8b7f
8cf318d6e3862d5e,fashion_mnist,ssb-v5,cnn,protocol-convergence-v1,0.7,0,100,1,1,301,302,0.0013086249819025397,0.0027643340290524065,507215872,0.84375,0,4,00c6535d8b7f,00c6535d8b7f
8cf318d6e3862d5e,fashion_mnist,ssb-v5,cnn,protocol-convergence-v1,0.7,0,100,1,1,302,303,0.0013403749908320606,0.002821250003762543,507215872,0.84375,0,4,00c6535d8b7f,00c6535d8b7f
8cf318d6e3862d5e,fashion_mnist,ssb-v5,cnn,protocol-convergence-v1,0.7,0,100,1,1,303,304,0.0013997909845784307,0.002741708012763411,507215872,0.8515625,0,4,00c6535d8b7f,00c6535d8b7f
8cf318d6e3862d5e,fashion_mnist,ssb-v5,cnn,protocol-convergence-v1,0.7,0,100,1,1,304,305,0.0013183329720050097,0.0027967090136371553,507215872,0.84375,0,4,00c6535d8b7f,00c6535d8b7f
8cf318d6e3862d5e,fashion_mnist,ssb-v5,cnn,protocol-convergence-v1,0.7,0,100,1,1,305,306,0.0013341670273803174,0.0027231249841861427,507215872,0.8359375,0,4,00c6535d8b7f,00c6535d8b7f
8cf318d6e3862d5e,fashion_mnist,ssb-v5,cnn,protocol-convergence-v1,0.7,0,100,1,1,306,307,0.0013997500063851476,0.002774749998934567,507215872,0.796875,0,4,00c6535d8b7f,00c6535d8b7f
8cf318d6e3862d5e,fashion_mnist,ssb-v5,cnn,protocol-convergence-v1,0.7,0,100,1,1,307,308,0.001389249984640628,0.002894125005695969,507215872,0.8203125,0,4,00c6535d8b7f,00c6535d8b7f
8cf318d6e3862d5e,fashion_mnist,ssb-v5,cnn,protocol-convergence-v1,0.7,0,100,1,1,308,309,0.0013429999817162752,0.002807334007229656,507215872,0.796875,0,4,00c6535d8b7f,00c6535d8b7f
8cf318d6e3862d5e,fashion_mnist,ssb-v5,cnn,protocol-convergence-v1,0.7,0,100,1,1,309,310,0.0013509170385077596,0.0027007500175386667,507215872,0.796875,0,4,00c6535d8b7f,00c6535d8b7f
8cf318d6e3862d5e,fashion_mnist,ssb-v5,cnn,protocol-convergence-v1,0.7,0,100,1,1,310,311,0.001406292023602873,0.0027344999834895134,507215872,0.8203125,0,4,00c6535d8b7f,00c6535d8b7f
8cf318d6e3862d5e,fashion_mnist,ssb-v5,cnn,protocol-convergence-v1,0.7,0,100,1,1,311,312,0.0013015830190852284,0.0028197909705340862,507215872,0.8203125,0,4,00c6535d8b7f,00c6535d8b7f
8cf318d6e3862d5e,fashion_mnist,ssb-v5,cnn,protocol-convergence-v1,0.7,0,100,1,1,312,313,0.0013510420103557408,0.002708124986384064,507215872,0.8125,0,4,00c6535d8b7f,00c6535d8b7f
8cf318d6e3862d5e,fashion_mnist,ssb-v5,cnn,protocol-convergence-v1,0.7,0,100,1,1,313,314,0.0014027500292286277,0.0027270829887129366,507215872,0.8359375,0,4,00c6535d8b7f,00c6535d8b7f
8cf318d6e3862d5e,fashion_mnist,ssb-v5,cnn,protocol-convergence-v1,0.7,0,100,1,1,314,315,0.0013962499797344208,0.00281054200604558,507232256,0.859375,0,4,00c6535d8b7f,00c6535d8b7f
8cf318d6e3862d5e,fashion_mnist,ssb-v5,cnn,protocol-convergence-v1,0.7,0,100,1,1,315,316,0.0013354579568840563,0.002798458037432283,507232256,0.859375,0,4,00c6535d8b7f,00c6535d8b7f
8cf318d6e3862d5e,fashion_mnist,ssb-v5,cnn,protocol-convergence-v1,0.7,0,100,1,1,316,317,0.0014033749466761947,0.0027671660063788295,507232256,0.9296875,0,4,00c6535d8b7f,00c6535d8b7f
8cf318d6e3862d5e,fashion_mnist,ssb-v5,cnn,protocol-convergence-v1,0.7,0,100,1,1,317,318,0.00140074995579198,0.0027725420077331364,507232256,0.875,0,4,00c6535d8b7f,00c6535d8b7f
8cf318d6e3862d5e,fashion_mnist,ssb-v5,cnn,protocol-convergence-v1,0.7,0,100,1,1,318,319,0.0013468340039253235,0.0028252920019440353,507232256,0.7890625,0,4,00c6535d8b7f,00c6535d8b7f
8cf318d6e3862d5e,fashion_mnist,ssb-v5,cnn,protocol-convergence-v1,0.7,0,100,1,1,319,320,0.0013980420189909637,0.002738791052252054,507232256,0.890625,0,4,00c6535d8b7f,00c6535d8b7f
8cf318d6e3862d5e,fashion_mnist,ssb-v5,cnn,protocol-convergence-v1,0.7,0,100,1,1,320,321,0.001394291000906378,0.0027947089984081686,507232256,0.875,0,4,00c6535d8b7f,00c6535d8b7f
8cf318d6e3862d5e,fashion_mnist,ssb-v5,cnn,protocol-convergence-v1,0.7,0,100,1,1,321,322,0.001335625012870878,0.0028131669969297945,507232256,0.8046875,0,4,00c6535d8b7f,00c6535d8b7f
8cf318d6e3862d5e,fashion_mnist,ssb-v5,cnn,protocol-convergence-v1,0.7,0,100,1,1,322,323,0.0013948749983683228,0.0027390839532017708,507232256,0.828125,0,4,00c6535d8b7f,00c6535d8b7f
8cf318d6e3862d5e,fashion_mnist,ssb-v5,cnn,protocol-convergence-v1,0.7,0,100,1,1,323,324,0.00134937500115484,0.0028708339668810368,507232256,0.8359375,0,4,00c6535d8b7f,00c6535d8b7f
8cf318d6e3862d5e,fashion_mnist,ssb-v5,cnn,protocol-convergence-v1,0.7,0,100,1,1,324,325,0.001357999979518354,0.0028146670083515346,507232256,0.765625,0,4,00c6535d8b7f,00c6535d8b7f
8cf318d6e3862d5e,fashion_mnist,ssb-v5,cnn,protocol-convergence-v1,0.7,0,100,1,1,325,326,0.0013521250220946968,0.00281204201746732,507232256,0.8203125,0,4,00c6535d8b7f,00c6535d8b7f
8cf318d6e3862d5e,fashion_mnist,ssb-v5,cnn,protocol-convergence-v1,0.7,0,100,1,1,326,327,0.0014066659496165812,0.0027450830093584955,507232256,0.765625,0,4,00c6535d8b7f,00c6535d8b7f
8cf318d6e3862d5e,fashion_mnist,ssb-v5,cnn,protocol-convergence-v1,0.7,0,100,1,1,327,328,0.0013975839829072356,0.0027559580048546195,507232256,0.84375,0,4,00c6535d8b7f,00c6535d8b7f
8cf318d6e3862d5e,fashion_mnist,ssb-v5,cnn,protocol-convergence-v1,0.7,0,100,1,1,328,329,0.0013356669805943966,0.0028106659883633256,507232256,0.8203125,0,4,00c6535d8b7f,00c6535d8b7f
8cf318d6e3862d5e,fashion_mnist,ssb-v5,cnn,protocol-convergence-v1,0.7,0,100,1,1,329,330,0.0013509159907698631,0.002704832993913442,507232256,0.84375,0,4,00c6535d8b7f,00c6535d8b7f
8cf318d6e3862d5e,fashion_mnist,ssb-v5,cnn,protocol-convergence-v1,0.7,0,100,1,1,330,331,0.0013987090205773711,0.0027456670068204403,507248640,0.8515625,0,4,00c6535d8b7f,00c6535d8b7f
8cf318d6e3862d5e,fashion_mnist,ssb-v5,cnn,protocol-convergence-v1,0.7,0,100,1,1,331,332,0.0013979579671286047,0.0028217079816386104,507265024,0.7734375,0,4,00c6535d8b7f,00c6535d8b7f
8cf318d6e3862d5e,fashion_mnist,ssb-v5,cnn,protocol-convergence-v1,0.7,0,100,1,1,332,333,0.0013510000426322222,0.0027227920363657176,507265024,0.875,0,4,00c6535d8b7f,00c6535d8b7f
8cf318d6e3862d5e,fashion_mnist,ssb-v5,cnn,protocol-convergence-v1,0.7,0,100,1,1,333,334,0.0013922909856773913,0.0028697919915430248,507265024,0.8828125,0,4,00c6535d8b7f,00c6535d8b7f
8cf318d6e3862d5e,fashion_mnist,ssb-v5,cnn,protocol-convergence-v1,0.7,0,100,1,1,334,335,0.0013031669659540057,0.0028022080077789724,507265024,0.859375,0,4,00c6535d8b7f,00c6535d8b7f
8cf318d6e3862d5e,fashion_mnist,ssb-v5,cnn,protocol-convergence-v1,0.7,0,100,1,1,335,336,0.0013310830108821392,0.002807666955050081,507265024,0.890625,0,4,00c6535d8b7f,00c6535d8b7f
8cf318d6e3862d5e,fashion_mnist,ssb-v5,cnn,protocol-convergence-v1,0.7,0,100,1,1,336,337,0.0013967499835416675,0.002746167010627687,507265024,0.8046875,0,4,00c6535d8b7f,00c6535d8b7f
8cf318d6e3862d5e,fashion_mnist,ssb-v5,cnn,protocol-convergence-v1,0.7,0,100,1,1,337,338,0.0013980420189909637,0.0027698749909177423,507265024,0.78125,0,4,00c6535d8b7f,00c6535d8b7f
8cf318d6e3862d5e,fashion_mnist,ssb-v5,cnn,protocol-convergence-v1,0.7,0,100,1,1,338,339,0.0012931660166941583,0.002790207974612713,507265024,0.8515625,0,4,00c6535d8b7f,00c6535d8b7f
8cf318d6e3862d5e,fashion_mnist,ssb-v5,cnn,protocol-convergence-v1,0.7,0,100,1,1,339,340,0.0013420420000329614,0.002780167036689818,507265024,0.875,0,4,00c6535d8b7f,00c6535d8b7f
8cf318d6e3862d5e,fashion_mnist,ssb-v5,cnn,protocol-convergence-v1,0.7,0,100,1,1,340,341,0.0013419169699773192,0.0027019159751944244,507281408,0.890625,0,4,00c6535d8b7f,00c6535d8b7f
8cf318d6e3862d5e,fashion_mnist,ssb-v5,cnn,protocol-convergence-v1,0.7,0,100,1,1,341,342,0.0013899589539505541,0.0027405829750932753,507281408,0.90625,0,4,00c6535d8b7f,00c6535d8b7f
8cf318d6e3862d5e,fashion_mnist,ssb-v5,cnn,protocol-convergence-v1,0.7,0,100,1,1,342,343,0.0013977920170873404,0.0028085000230930746,507281408,0.828125,0,4,00c6535d8b7f,00c6535d8b7f
8cf318d6e3862d5e,fashion_mnist,ssb-v5,cnn,protocol-convergence-v1,0.7,0,100,1,1,343,344,0.0013375839916989207,0.0028064160142093897,507281408,0.8046875,0,4,00c6535d8b7f,00c6535d8b7f
8cf318d6e3862d5e,fashion_mnist,ssb-v5,cnn,protocol-convergence-v1,0.7,0,100,1,1,344,345,0.001385167008265853,0.002752209024038166,507281408,0.8203125,0,4,00c6535d8b7f,00c6535d8b7f
8cf318d6e3862d5e,fashion_mnist,ssb-v5,cnn,protocol-convergence-v1,0.7,0,100,1,1,345,346,0.0014002500101923943,0.0027964169858023524,507281408,0.8515625,0,4,00c6535d8b7f,00c6535d8b7f
8cf318d6e3862d5e,fashion_mnist,ssb-v5,cnn,protocol-convergence-v1,0.7,0,100,1,1,346,347,0.0013384170015342534,0.002813250001054257,507281408,0.828125,0,4,00c6535d8b7f,00c6535d8b7f
8cf318d6e3862d5e,fashion_mnist,ssb-v5,cnn,protocol-convergence-v1,0.7,0,100,1,1,347,348,0.0013475840096361935,0.0028008329682052135,507281408,0.8671875,0,4,00c6535d8b7f,00c6535d8b7f
8cf318d6e3862d5e,fashion_mnist,ssb-v5,cnn,protocol-convergence-v1,0.7,0,100,1,1,348,349,0.0013346249470487237,0.002749499981291592,507281408,0.90625,0,4,00c6535d8b7f,00c6535d8b7f
8cf318d6e3862d5e,fashion_mnist,ssb-v5,cnn,protocol-convergence-v1,0.7,0,100,1,1,349,350,0.0013456669985316694,0.0028187920106574893,507281408,0.75,0,4,00c6535d8b7f,00c6535d8b7f
8cf318d6e3862d5e,fashion_mnist,ssb-v5,cnn,protocol-convergence-v1,0.7,0,100,1,1,350,351,0.0013421669718809426,0.002743332996033132,507281408,0.84375,0,4,00c6535d8b7f,00c6535d8b7f
8cf318d6e3862d5e,fashion_mnist,ssb-v5,cnn,protocol-convergence-v1,0.7,0,100,1,1,351,352,0.0014001249801367521,0.0026984160067513585,507281408,0.90625,0,4,00c6535d8b7f,00c6535d8b7f
8cf318d6e3862d5e,fashion_mnist,ssb-v5,cnn,protocol-convergence-v1,0.7,0,100,1,1,352,353,0.0013964580139145255,0.0028105840319767594,507281408,0.875,0,4,00c6535d8b7f,00c6535d8b7f
8cf318d6e3862d5e,fashion_mnist,ssb-v5,cnn,protocol-convergence-v1,0.7,0,100,1,1,353,354,0.0013430410181172192,0.0028022920014336705,507297792,0.828125,0,4,00c6535d8b7f,00c6535d8b7f
8cf318d6e3862d5e,fashion_mnist,ssb-v5,cnn,protocol-convergence-v1,0.7,0,100,1,1,354,355,0.0013973329914733768,0.002739208983257413,507297792,0.890625,0,4,00c6535d8b7f,00c6535d8b7f
8cf318d6e3862d5e,fashion_mnist,ssb-v5,cnn,protocol-convergence-v1,0.7,0,100,1,1,355,356,0.0014001249801367521,0.0028125419630669057,507297792,0.90625,0,4,00c6535d8b7f,00c6535d8b7f
8cf318d6e3862d5e,fashion_mnist,ssb-v5,cnn,protocol-convergence-v1,0.7,0,100,1,1,356,357,0.001337790978141129,0.0028065419755876064,507297792,0.90625,0,4,00c6535d8b7f,00c6535d8b7f
8cf318d6e3862d5e,fashion_mnist,ssb-v5,cnn,protocol-convergence-v1,0.7,0,100,1,1,357,358,0.0013977499911561608,0.0027748330030590296,507297792,0.859375,0,4,00c6535d8b7f,00c6535d8b7f
8cf318d6e3862d5e,fashion_mnist,ssb-v5,cnn,protocol-convergence-v1,0.7,0,100,1,1,358,359,0.0014103749999776483,0.0028029579552821815,507297792,0.890625,0,4,00c6535d8b7f,00c6535d8b7f
8cf318d6e3862d5e,fashion_mnist,ssb-v5,cnn,protocol-convergence-v1,0.7,0,100,1,1,359,360,0.0013456249726004899,0.0028037920128554106,507314176,0.8671875,0,4,00c6535d8b7f,00c6535d8b7f
8cf318d6e3862d5e,fashion_mnist,ssb-v5,cnn,protocol-convergence-v1,0.7,0,100,1,1,360,361,0.0013579580117948353,0.0027021659770980477,507314176,0.8671875,0,4,00c6535d8b7f,00c6535d8b7f
8cf318d6e3862d5e,fashion_mnist,ssb-v5,cnn,protocol-convergence-v1,0.7,0,100,1,1,361,362,0.0013992910389788449,0.0027540000155568123,507314176,0.8671875,0,4,00c6535d8b7f,00c6535d8b7f
8cf318d6e3862d5e,fashion_mnist,ssb-v5,cnn,protocol-convergence-v1,0.7,0,100,1,1,362,363,0.0013901249621994793,0.002826542011462152,507330560,0.8828125,0,4,00c6535d8b7f,00c6535d8b7f
8cf318d6e3862d5e,fashion_mnist,ssb-v5,cnn,protocol-convergence-v1,0.7,0,100,1,1,363,364,0.0013319579884409904,0.0028182920068502426,507346944,0.8515625,0,4,00c6535d8b7f,00c6535d8b7f
8cf318d6e3862d5e,fashion_mnist,ssb-v5,cnn,protocol-convergence-v1,0.7,0,100,1,1,364,365,0.0014066249714232981,0.0027640830376185477,507346944,0.859375,0,4,00c6535d8b7f,00c6535d8b7f
8cf318d6e3862d5e,fashion_mnist,ssb-v5,cnn,protocol-convergence-v1,0.7,0,100,1,1,365,366,0.001407667004968971,0.002816124993842095,507346944,0.8671875,0,4,00c6535d8b7f,00c6535d8b7f
8cf318d6e3862d5e,fashion_mnist,ssb-v5,cnn,protocol-convergence-v1,0.7,0,100,1,1,366,367,0.0013440840411931276,0.0028072920395061374,507346944,0.890625,0,4,00c6535d8b7f,00c6535d8b7f
8cf318d6e3862d5e,fashion_mnist,ssb-v5,cnn,protocol-convergence-v1,0.7,0,100,1,1,367,368,0.0013474169536493719,0.002736208029091358,507346944,0.8359375,0,4,00c6535d8b7f,00c6535d8b7f
8cf318d6e3862d5e,fashion_mnist,ssb-v5,cnn,protocol-convergence-v1,0.7,0,100,1,1,368,369,0.0014063750277273357,0.0027947499766014516,507346944,0.8671875,0,4,00c6535d8b7f,00c6535d8b7f
8cf318d6e3862d5e,fashion_mnist,ssb-v5,cnn,protocol-convergence-v1,0.7,0,100,1,1,369,370,0.0013447909732349217,0.00272304198006168,507346944,0.84375,0,4,00c6535d8b7f,00c6535d8b7f
8cf318d6e3862d5e,fashion_mnist,ssb-v5,cnn,protocol-convergence-v1,0.7,0,100,1,1,370,371,0.0013478340115398169,0.0027012089849449694,507346944,0.8046875,0,4,00c6535d8b7f,00c6535d8b7f
8cf318d6e3862d5e,fashion_mnist,ssb-v5,cnn,protocol-convergence-v1,0.7,0,100,1,1,371,372,0.0014036669745109975,0.002738291979767382,507346944,0.8359375,0,4,00c6535d8b7f,00c6535d8b7f
8cf318d6e3862d5e,fashion_mnist,ssb-v5,cnn,protocol-convergence-v1,0.7,0,100,1,1,372,373,0.0013002080377191305,0.002757291018497199,507346944,0.8359375,0,4,00c6535d8b7f,00c6535d8b7f
8cf318d6e3862d5e,fashion_mnist,ssb-v5,cnn,protocol-convergence-v1,0.7,0,100,1,1,373,374,0.0013470409903675318,0.0028095829766243696,507346944,0.796875,0,4,00c6535d8b7f,00c6535d8b7f
8cf318d6e3862d5e,fashion_mnist,ssb-v5,cnn,protocol-convergence-v1,0.7,0,100,1,1,374,375,0.0014029169688001275,0.0027311660232953727,507346944,0.8984375,0,4,00c6535d8b7f,00c6535d8b7f
8cf318d6e3862d5e,fashion_mnist,ssb-v5,cnn,protocol-convergence-v1,0.7,0,100,1,1,375,376,0.0013890000409446657,0.0027576249558478594,507346944,0.8984375,0,4,00c6535d8b7f,00c6535d8b7f
8cf318d6e3862d5e,fashion_mnist,ssb-v5,cnn,protocol-convergence-v1,0.7,0,100,1,1,376,377,0.0013969580177217722,0.002801958005875349,507346944,0.8359375,0,4,00c6535d8b7f,00c6535d8b7f
8cf318d6e3862d5e,fashion_mnist,ssb-v5,cnn,protocol-convergence-v1,0.7,0,100,1,1,377,378,0.0013436669833026826,0.0027275420143269002,507346944,0.859375,0,4,00c6535d8b7f,00c6535d8b7f
8cf318d6e3862d5e,fashion_mnist,ssb-v5,cnn,protocol-convergence-v1,0.7,0,100,1,1,378,379,0.0013421669718809426,0.002738624985795468,507346944,0.8671875,0,4,00c6535d8b7f,00c6535d8b7f
8cf318d6e3862d5e,fashion_mnist,ssb-v5,cnn,protocol-convergence-v1,0.7,0,100,1,1,379,380,0.0012910839868709445,0.002802250033710152,507346944,0.8671875,0,4,00c6535d8b7f,00c6535d8b7f
8cf318d6e3862d5e,fashion_mnist,ssb-v5,cnn,protocol-convergence-v1,0.7,0,100,1,1,380,381,0.0013400840107351542,0.002794082975015044,507346944,0.8203125,0,4,00c6535d8b7f,00c6535d8b7f
8cf318d6e3862d5e,fashion_mnist,ssb-v5,cnn,protocol-convergence-v1,0.7,0,100,1,1,381,382,0.0013893750146962702,0.002786083030514419,507346944,0.859375,0,4,00c6535d8b7f,00c6535d8b7f
8cf318d6e3862d5e,fashion_mnist,ssb-v5,cnn,protocol-convergence-v1,0.7,0,100,1,1,382,383,0.0013974580215290189,0.0027287500561214983,507346944,0.875,0,4,00c6535d8b7f,00c6535d8b7f
8cf318d6e3862d5e,fashion_mnist,ssb-v5,cnn,protocol-convergence-v1,0.7,0,100,1,1,383,384,0.0012963330373167992,0.002800000016577542,507346944,0.8203125,0,4,00c6535d8b7f,00c6535d8b7f
8cf318d6e3862d5e,fashion_mnist,ssb-v5,cnn,protocol-convergence-v1,0.7,0,100,1,1,384,385,0.0013497910113073885,0.002803875016979873,507346944,0.84375,0,4,00c6535d8b7f,00c6535d8b7f
8cf318d6e3862d5e,fashion_mnist,ssb-v5,cnn,protocol-convergence-v1,0.7,0,100,1,1,385,386,0.0014057499938644469,0.002764207951258868,507363328,0.859375,0,4,00c6535d8b7f,00c6535d8b7f
8cf318d6e3862d5e,fashion_mnist,ssb-v5,cnn,protocol-convergence-v1,0.7,0,100,1,1,386,387,0.001405874965712428,0.002889124967623502,507363328,0.875,0,4,00c6535d8b7f,00c6535d8b7f
8cf318d6e3862d5e,fashion_mnist,ssb-v5,cnn,protocol-convergence-v1,0.7,0,100,1,1,387,388,0.0013524999958463013,0.002724040998145938,507363328,0.8359375,0,4,00c6535d8b7f,00c6535d8b7f
8cf318d6e3862d5e,fashion_mnist,ssb-v5,cnn,protocol-convergence-v1,0.7,0,100,1,1,388,389,0.0014389589778147638,0.0027932500233873725,507363328,0.8203125,0,4,00c6535d8b7f,00c6535d8b7f
8cf318d6e3862d5e,fashion_mnist,ssb-v5,cnn,protocol-convergence-v1,0.7,0,100,1,1,389,390,0.0013493329752236605,0.0027990839444100857,507363328,0.8359375,0,4,00c6535d8b7f,00c6535d8b7f
8cf318d6e3862d5e,fashion_mnist,ssb-v5,cnn,protocol-convergence-v1,0.7,0,100,1,1,390,391,0.0013397499569691718,0.0028019589954055846,507363328,0.9140625,0,4,00c6535d8b7f,00c6535d8b7f
8cf318d6e3862d5e,fashion_mnist,ssb-v5,cnn,protocol-convergence-v1,0.7,0,100,1,1,391,392,0.0013605420244857669,0.0027589579694904387,507363328,0.8828125,0,4,00c6535d8b7f,00c6535d8b7f
8cf318d6e3862d5e,fashion_mnist,ssb-v5,cnn,protocol-convergence-v1,0.7,0,100,1,1,392,393,0.0013003339990973473,0.002790457976516336,507363328,0.8984375,0,4,00c6535d8b7f,00c6535d8b7f
8cf318d6e3862d5e,fashion_mnist,ssb-v5,cnn,protocol-convergence-v1,0.7,0,100,1,1,393,394,0.0013466250384226441,0.0028075409936718643,507363328,0.7578125,0,4,00c6535d8b7f,00c6535d8b7f
8cf318d6e3862d5e,fashion_mnist,ssb-v5,cnn,protocol-convergence-v1,0.7,0,100,1,1,394,395,0.0013947080005891621,0.0027554170228540897,507363328,0.8515625,0,4,00c6535d8b7f,00c6535d8b7f
8cf318d6e3862d5e,fashion_mnist,ssb-v5,cnn,protocol-convergence-v1,0.7,0,100,1,1,395,396,0.0014227079809643328,0.002798166999127716,507363328,0.90625,0,4,00c6535d8b7f,00c6535d8b7f
8cf318d6e3862d5e,fashion_mnist,ssb-v5,cnn,protocol-convergence-v1,0.7,0,100,1,1,396,397,0.0013124169781804085,0.0027939999708905816,507363328,0.8828125,0,4,00c6535d8b7f,00c6535d8b7f
8cf318d6e3862d5e,fashion_mnist,ssb-v5,cnn,protocol-convergence-v1,0.7,0,100,1,1,397,398,0.0013367499923333526,0.002804499992635101,507363328,0.84375,0,4,00c6535d8b7f,00c6535d8b7f
8cf318d6e3862d5e,fashion_mnist,ssb-v5,cnn,protocol-convergence-v1,0.7,0,100,1,1,398,399,0.0014002500101923943,0.0027550419908948243,507379712,0.8671875,0,4,00c6535d8b7f,00c6535d8b7f
8cf318d6e3862d5e,fashion_mnist,ssb-v5,cnn,protocol-convergence-v1,0.7,0,100,1,1,399,400,0.0012945000198669732,0.002736416005063802,507379712,0.8671875,1,5,00c6535d8b7f,55041c25fa9e
8cf318d6e3862d5e,fashion_mnist,ssb-v5,cnn,protocol-convergence-v1,0.7,0,100,1,1,400,401,0.0013626249856315553,0.0029225830221548676,507428864,0.8125,0,5,55041c25fa9e,55041c25fa9e
8cf318d6e3862d5e,fashion_mnist,ssb-v5,cnn,protocol-convergence-v1,0.7,0,100,1,1,401,402,0.0013557089841924608,0.0028156249900348485,507428864,0.8046875,0,5,55041c25fa9e,55041c25fa9e
8cf318d6e3862d5e,fashion_mnist,ssb-v5,cnn,protocol-convergence-v1,0.7,0,100,1,1,402,403,0.0014048750163055956,0.0027793750050477684,507428864,0.8828125,0,5,55041c25fa9e,55041c25fa9e
8cf318d6e3862d5e,fashion_mnist,ssb-v5,cnn,protocol-convergence-v1,0.7,0,100,1,1,403,404,0.0013676669914275408,0.002785292046610266,507445248,0.8515625,0,5,55041c25fa9e,55041c25fa9e
8cf318d6e3862d5e,fashion_mnist,ssb-v5,cnn,protocol-convergence-v1,0.7,0,100,1,1,404,405,0.0013411249965429306,0.0027970829978585243,507445248,0.8515625,0,5,55041c25fa9e,55041c25fa9e
8cf318d6e3862d5e,fashion_mnist,ssb-v5,cnn,protocol-convergence-v1,0.7,0,100,1,1,405,406,0.0013973329914733768,0.0027712920564226806,507445248,0.8828125,0,5,55041c25fa9e,55041c25fa9e
8cf318d6e3862d5e,fashion_mnist,ssb-v5,cnn,protocol-convergence-v1,0.7,0,100,1,1,406,407,0.0013368749641813338,0.002738415962085128,507445248,0.8125,0,5,55041c25fa9e,55041c25fa9e
8cf318d6e3862d5e,fashion_mnist,ssb-v5,cnn,protocol-convergence-v1,0.7,0,100,1,1,407,408,0.0013416250003501773,0.002809833036735654,507461632,0.828125,0,5,55041c25fa9e,55041c25fa9e
8cf318d6e3862d5e,fashion_mnist,ssb-v5,cnn,protocol-convergence-v1,0.7,0,100,1,1,408,409,0.001352249993942678,0.002814917010255158,507461632,0.8984375,0,5,55041c25fa9e,55041c25fa9e
8cf318d6e3862d5e,fashion_mnist,ssb-v5,cnn,protocol-convergence-v1,0.7,0,100,1,1,409,410,0.001512249989900738,0.002878833038266748,507461632,0.8359375,0,5,55041c25fa9e,55041c25fa9e
8cf318d6e3862d5e,fashion_mnist,ssb-v5,cnn,protocol-convergence-v1,0.7,0,100,1,1,410,411,0.0014965829905122519,0.002939958998467773,507461632,0.8828125,0,5,55041c25fa9e,55041c25fa9e
8cf318d6e3862d5e,fashion_mnist,ssb-v5,cnn,protocol-convergence-v1,0.7,0,100,1,1,411,412,0.001369624980725348,0.0028617919888347387,507461632,0.9140625,0,5,55041c25fa9e,55041c25fa9e
8cf318d6e3862d5e,fashion_mnist,ssb-v5,cnn,protocol-convergence-v1,0.7,0,100,1,1,412,413,0.0014026669668965042,0.002808000019285828,507461632,0.8671875,0,5,55041c25fa9e,55041c25fa9e
8cf318d6e3862d5e,fashion_mnist,ssb-v5,cnn,protocol-convergence-v1,0.7,0,100,1,1,413,414,0.001431457989383489,0.002830500015988946,507461632,0.8828125,0,5,55041c25fa9e,55041c25fa9e
8cf318d6e3862d5e,fashion_mnist,ssb-v5,cnn,protocol-convergence-v1,0.7,0,100,1,1,414,415,0.001363209041301161,0.0028346250182949007,507461632,0.859375,0,5,55041c25fa9e,55041c25fa9e
8cf318d6e3862d5e,fashion_mnist,ssb-v5,cnn,protocol-convergence-v1,0.7,0,100,1,1,415,416,0.001416750019416213,0.0027827920275740325,507478016,0.8125,0,5,55041c25fa9e,55041c25fa9e
8cf318d6e3862d5e,fashion_mnist,ssb-v5,cnn,protocol-convergence-v1,0.7,0,100,1,1,416,417,0.001312541018705815,0.002773209009319544,507494400,0.828125,0,5,55041c25fa9e,55041c25fa9e
8cf318d6e3862d5e,fashion_mnist,ssb-v5,cnn,protocol-convergence-v1,0.7,0,100,1,1,417,418,0.0013478329638019204,0.002828333992511034,507494400,0.8515625,0,5,55041c25fa9e,55041c25fa9e
8cf318d6e3862d5e,fashion_mnist,ssb-v5,cnn,protocol-convergence-v1,0.7,0,100,1,1,418,419,0.0013614580384455621,0.0027426250162534416,507510784,0.890625,0,5,55041c25fa9e,55041c25fa9e
8cf318d6e3862d5e,fashion_mnist,ssb-v5,cnn,protocol-convergence-v1,0.7,0,100,1,1,419,420,0.001363084011245519,0.002739582967478782,507510784,0.8515625,0,5,55041c25fa9e,55041c25fa9e
8cf318d6e3862d5e,fashion_mnist,ssb-v5,cnn,protocol-convergence-v1,0.7,0,100,1,1,420,421,0.0014063330017961562,0.0028301250422373414,507510784,0.8203125,0,5,55041c25fa9e,55041c25fa9e
8cf318d6e3862d5e,fashion_mnist,ssb-v5,cnn,protocol-convergence-v1,0.7,0,100,1,1,421,422,0.001364625000860542,0.0027674169978126884,507510784,0.90625,0,5,55041c25fa9e,55041c25fa9e
8cf318d6e3862d5e,fashion_mnist,ssb-v5,cnn,protocol-convergence-v1,0.7,0,100,1,1,422,423,0.0014207909698598087,0.0027698329649865627,507510784,0.890625,0,5,55041c25fa9e,55041c25fa9e
8cf318d6e3862d5e,fashion_mnist,ssb-v5,cnn,protocol-convergence-v1,0.7,0,100,1,1,423,424,0.001370083016809076,0.0028089999686926603,507510784,0.84375,0,5,55041c25fa9e,55041c25fa9e
8cf318d6e3862d5e,fashion_mnist,ssb-v5,cnn,protocol-convergence-v1,0.7,0,100,1,1,424,425,0.00134695804445073,0.002700249955523759,507510784,0.828125,0,5,55041c25fa9e,55041c25fa9e
8cf318d6e3862d5e,fashion_mnist,ssb-v5,cnn,protocol-convergence-v1,0.7,0,100,1,1,425,426,0.0014049169840291142,0.002738208044320345,507510784,0.859375,0,5,55041c25fa9e,55041c25fa9e
8cf318d6e3862d5e,fashion_mnist,ssb-v5,cnn,protocol-convergence-v1,0.7,0,100,1,1,426,427,0.0013125420082360506,0.0027944169705733657,507510784,0.90625,0,5,55041c25fa9e,55041c25fa9e
8cf318d6e3862d5e,fashion_mnist,ssb-v5,cnn,protocol-convergence-v1,0.7,0,100,1,1,427,428,0.00137254100991413,0.002823374990839511,507510784,0.859375,0,5,55041c25fa9e,55041c25fa9e
8cf318d6e3862d5e,fashion_mnist,ssb-v5,cnn,protocol-convergence-v1,0.7,0,100,1,1,428,429,0.0014024580013938248,0.0026923330151475966,507510784,0.859375,0,5,55041c25fa9e,55041c25fa9e
8cf318d6e3862d5e,fashion_mnist,ssb-v5,cnn,protocol-convergence-v1,0.7,0,100,1,1,429,430,0.0014136669924482703,0.0027669169940054417,507510784,0.875,0,5,55041c25fa9e,55041c25fa9e
8cf318d6e3862d5e,fashion_mnist,ssb-v5,cnn,protocol-convergence-v1,0.7,0,100,1,1,430,431,0.0012992919655516744,0.002814333012793213,507510784,0.8828125,0,5,55041c25fa9e,55041c25fa9e
8cf318d6e3862d5e,fashion_mnist,ssb-v5,cnn,protocol-convergence-v1,0.7,0,100,1,1,431,432,0.0013470840058289468,0.0028089580009691417,507510784,0.8515625,0,5,55041c25fa9e,55041c25fa9e
8cf318d6e3862d5e,fashion_mnist,ssb-v5,cnn,protocol-convergence-v1,0.7,0,100,1,1,432,433,0.0014113340293988585,0.0027484999736770988,507527168,0.828125,0,5,55041c25fa9e,55041c25fa9e
8cf318d6e3862d5e,fashion_mnist,ssb-v5,cnn,protocol-convergence-v1,0.7,0,100,1,1,433,434,0.001416417013388127,0.0028129160054959357,507527168,0.8046875,0,5,55041c25fa9e,55041c25fa9e
8cf318d6e3862d5e,fashion_mnist,ssb-v5,cnn,protocol-convergence-v1,0.7,0,100,1,1,434,435,0.001347583020105958,0.0027567080105654895,507527168,0.828125,0,5,55041c25fa9e,55041c25fa9e
8cf318d6e3862d5e,fashion_mnist,ssb-v5,cnn,protocol-convergence-v1,0.7,0,100,1,1,435,436,0.001415541977621615,0.002751708962023258,507527168,0.8125,0,5,55041c25fa9e,55041c25fa9e
8cf318d6e3862d5e,fashion_mnist,ssb-v5,cnn,protocol-convergence-v1,0.7,0,100,1,1,436,437,0.0014036669745109975,0.0028020410099998116,507527168,0.84375,0,5,55041c25fa9e,55041c25fa9e
8cf318d6e3862d5e,fashion_mnist,ssb-v5,cnn,protocol-convergence-v1,0.7,0,100,1,1,437,438,0.0013378330040723085,0.0028082499629817903,507527168,0.9375,0,5,55041c25fa9e,55041c25fa9e
8cf318d6e3862d5e,fashion_mnist,ssb-v5,cnn,protocol-convergence-v1,0.7,0,100,1,1,438,439,0.0014324160292744637,0.0029192499932833016,507740160,0.859375,0,5,55041c25fa9e,55041c25fa9e
8cf318d6e3862d5e,fashion_mnist,ssb-v5,cnn,protocol-convergence-v1,0.7,0,100,1,1,439,440,0.0014667909708805382,0.0029103750130161643,507772928,0.828125,0,5,55041c25fa9e,55041c25fa9e
8cf318d6e3862d5e,fashion_mnist,ssb-v5,cnn,protocol-convergence-v1,0.7,0,100,1,1,440,441,0.0014559580013155937,0.0029037080239504576,507772928,0.84375,0,5,55041c25fa9e,55041c25fa9e
8cf318d6e3862d5e,fashion_mnist,ssb-v5,cnn,protocol-convergence-v1,0.7,0,100,1,1,441,442,0.0014287910307757556,0.0028125829994678497,507772928,0.8984375,0,5,55041c25fa9e,55041c25fa9e
8cf318d6e3862d5e,fashion_mnist,ssb-v5,cnn,protocol-convergence-v1,0.7,0,100,1,1,442,443,0.0014218749711290002,0.002883458975702524,507789312,0.8671875,0,5,55041c25fa9e,55041c25fa9e
8cf318d6e3862d5e,fashion_mnist,ssb-v5,cnn,protocol-convergence-v1,0.7,0,100,1,1,443,444,0.0014418329810723662,0.002858875028323382,507789312,0.859375,0,5,55041c25fa9e,55041c25fa9e
8cf318d6e3862d5e,fashion_mnist,ssb-v5,cnn,protocol-convergence-v1,0.7,0,100,1,1,444,445,0.0014519999967887998,0.0029254999826662242,507789312,0.875,0,5,55041c25fa9e,55041c25fa9e
8cf318d6e3862d5e,fashion_mnist,ssb-v5,cnn,protocol-convergence-v1,0.7,0,100,1,1,445,446,0.0013730409555137157,0.002870208991225809,507789312,0.8828125,0,5,55041c25fa9e,55041c25fa9e
8cf318d6e3862d5e,fashion_mnist,ssb-v5,cnn,protocol-convergence-v1,0.7,0,100,1,1,446,447,0.001415249949786812,0.0027901249704882503,507789312,0.8671875,0,5,55041c25fa9e,55041c25fa9e
8cf318d6e3862d5e,fashion_mnist,ssb-v5,cnn,protocol-convergence-v1,0.7,0,100,1,1,447,448,0.0013782089808955789,0.002840291999746114,507805696,0.859375,0,5,55041c25fa9e,55041c25fa9e
8cf318d6e3862d5e,fashion_mnist,ssb-v5,cnn,protocol-convergence-v1,0.7,0,100,1,1,448,449,0.0013704579905606806,0.002844416012521833,507805696,0.8203125,0,5,55041c25fa9e,55041c25fa9e
8cf318d6e3862d5e,fashion_mnist,ssb-v5,cnn,protocol-convergence-v1,0.7,0,100,1,1,449,450,0.001442709006369114,0.0027804579585790634,507805696,0.8515625,0,5,55041c25fa9e,55041c25fa9e
8cf318d6e3862d5e,fashion_mnist,ssb-v5,cnn,protocol-convergence-v1,0.7,0,100,1,1,450,451,0.0013289169874042273,0.002827625023201108,507805696,0.8828125,0,5,55041c25fa9e,55041c25fa9e
8cf318d6e3862d5e,fashion_mnist,ssb-v5,cnn,protocol-convergence-v1,0.7,0,100,1,1,451,452,0.0013752499944530427,0.0028375000110827386,507805696,0.8984375,0,5,55041c25fa9e,55041c25fa9e
8cf318d6e3862d5e,fashion_mnist,ssb-v5,cnn,protocol-convergence-v1,0.7,0,100,1,1,452,453,0.0014138330006971955,0.0027813329943455756,507805696,0.859375,0,5,55041c25fa9e,55041c25fa9e
8cf318d6e3862d5e,fashion_mnist,ssb-v5,cnn,protocol-convergence-v1,0.7,0,100,1,1,453,454,0.0014209169894456863,0.002779542002826929,507805696,0.8671875,0,5,55041c25fa9e,55041c25fa9e
8cf318d6e3862d5e,fashion_mnist,ssb-v5,cnn,protocol-convergence-v1,0.7,0,100,1,1,454,455,0.0013654159847646952,0.0027448750333860517,508116992,0.8671875,0,5,55041c25fa9e,55041c25fa9e
8cf318d6e3862d5e,fashion_mnist,ssb-v5,cnn,protocol-convergence-v1,0.7,0,100,1,1,455,456,0.0013752499944530427,0.0027314579929225147,508116992,0.8828125,0,5,55041c25fa9e,55041c25fa9e
8cf318d6e3862d5e,fashion_mnist,ssb-v5,cnn,protocol-convergence-v1,0.7,0,100,1,1,456,457,0.001414917001966387,0.002846083021722734,508116992,0.859375,0,5,55041c25fa9e,55041c25fa9e
8cf318d6e3862d5e,fashion_mnist,ssb-v5,cnn,protocol-convergence-v1,0.7,0,100,1,1,457,458,0.0013675839873030782,0.0028281249688006938,508116992,0.84375,0,5,55041c25fa9e,55041c25fa9e
8cf318d6e3862d5e,fashion_mnist,ssb-v5,cnn,protocol-convergence-v1,0.7,0,100,1,1,458,459,0.0013585420092567801,0.002715540991630405,508116992,0.8671875,0,5,55041c25fa9e,55041c25fa9e
8cf318d6e3862d5e,fashion_mnist,ssb-v5,cnn,protocol-convergence-v1,0.7,0,100,1,1,459,460,0.0014079579850658774,0.002758041024208069,508116992,0.8515625,0,5,55041c25fa9e,55041c25fa9e
8cf318d6e3862d5e,fashion_mnist,ssb-v5,cnn,protocol-convergence-v1,0.7,0,100,1,1,460,461,0.0013624579878523946,0.0028385419864207506,508116992,0.8359375,0,5,55041c25fa9e,55041c25fa9e
8cf318d6e3862d5e,fashion_mnist,ssb-v5,cnn,protocol-convergence-v1,0.7,0,100,1,1,461,462,0.001426416973117739,0.002786249970085919,508116992,0.8984375,0,5,55041c25fa9e,55041c25fa9e
8cf318d6e3862d5e,fashion_mnist,ssb-v5,cnn,protocol-convergence-v1,0.7,0,100,1,1,462,463,0.0013134169857949018,0.002808417018968612,508116992,0.859375,0,5,55041c25fa9e,55041c25fa9e
8cf318d6e3862d5e,fashion_mnist,ssb-v5,cnn,protocol-convergence-v1,0.7,0,100,1,1,463,464,0.0013381250319071114,0.0028239579987712204,508116992,0.8828125,0,5,55041c25fa9e,55041c25fa9e
8cf318d6e3862d5e,fashion_mnist,ssb-v5,cnn,protocol-convergence-v1,0.7,0,100,1,1,464,465,0.0014177080010995269,0.002773915999568999,508116992,0.90625,0,5,55041c25fa9e,55041c25fa9e
8cf318d6e3862d5e,fashion_mnist,ssb-v5,cnn,protocol-convergence-v1,0.7,0,100,1,1,465,466,0.0013597079669125378,0.002833375008776784,508116992,0.875,0,5,55041c25fa9e,55041c25fa9e
8cf318d6e3862d5e,fashion_mnist,ssb-v5,cnn,protocol-convergence-v1,0.7,0,100,1,1,466,467,0.001364208001177758,0.0027584999916143715,508116992,0.9296875,0,5,55041c25fa9e,55041c25fa9e
8cf318d6e3862d5e,fashion_mnist,ssb-v5,cnn,protocol-convergence-v1,0.7,0,100,1,1,467,468,0.0014045419520698488,0.0027583339833654463,508116992,0.890625,0,5,55041c25fa9e,55041c25fa9e
8cf318d6e3862d5e,fashion_mnist,ssb-v5,cnn,protocol-convergence-v1,0.7,0,100,1,1,468,469,0.006997624994255602,0.02617020800244063,517963776,0.875,0,5,55041c25fa9e,55041c25fa9e
