dataset,model,keep_ratio,seed,epoch,batch,backward_time_s,memory_bytes,batch_accuracy
cifar10,ssb-v2,0.3,2,1,0,0.043699000001652166,715276288,0.09375
cifar10,ssb-v2,0.3,2,1,1,0.02747349999845028,737689600,0.09375
cifar10,ssb-v2,0.3,2,1,2,0.02413916699879337,745832448,0.125
cifar10,ssb-v2,0.3,2,1,3,0.025502874996163882,754827264,0.1015625
cifar10,ssb-v2,0.3,2,1,4,0.02433545800158754,760872960,0.15625
cifar10,ssb-v2,0.3,2,1,5,0.01920712499122601,765181952,0.109375
cifar10,ssb-v2,0.3,2,1,6,0.014298499998403713,767311872,0.1796875
cifar10,ssb-v2,0.3,2,1,7,0.01901691699458752,772669440,0.078125
cifar10,ssb-v2,0.3,2,1,8,0.018454959004884586,777142272,0.1015625
cifar10,ssb-v2,0.3,2,1,9,0.018859000003430992,782139392,0.1328125
cifar10,ssb-v2,0.3,2,1,10,0.019455542002106085,787120128,0.1640625
cifar10,ssb-v2,0.3,2,1,11,0.019664999999804422,791052288,0.1171875
cifar10,ssb-v2,0.3,2,1,12,0.01413749999483116,794558464,0.1640625
cifar10,ssb-v2,0.3,2,1,13,0.018504249994293787,798048256,0.140625
cifar10,ssb-v2,0.3,2,1,14,0.014502250007353723,801259520,0.15625
cifar10,ssb-v2,0.3,2,1,15,0.019286208000266925,804749312,0.1015625
cifar10,ssb-v2,0.3,2,1,16,0.014896624998073094,808910848,0.203125
cifar10,ssb-v2,0.3,2,1,17,0.01890658300544601,814661632,0.140625
cifar10,ssb-v2,0.3,2,1,18,0.01497262499469798,818724864,0.140625
cifar10,ssb-v2,0.3,2,1,19,0.009480084001552314,821624832,0.15625
cifar10,ssb-v2,0.3,2,1,20,0.015457165995030664,824737792,0.15625
cifar10,ssb-v2,0.3,2,1,21,0.018631832994287834,829374464,0.109375
cifar10,ssb-v2,0.3,2,1,22,0.014535416994476691,833159168,0.125
cifar10,ssb-v2,0.3,2,1,23,0.01017699998919852,836239360,0.1953125
cifar10,ssb-v2,0.3,2,1,24,0.014170334005029872,838959104,0.1171875
cifar10,ssb-v2,0.3,2,1,25,0.013910916008171625,841351168,0.046875
cifar10,ssb-v2,0.3,2,1,26,0.013891791997593828,843431936,0.15625
cifar10,ssb-v2,0.3,2,1,27,0.018812249996699393,848150528,0.15625
cifar10,ssb-v2,0.3,2,1,28,0.014314542000647634,850935808,0.2421875
cifar10,ssb-v2,0.3,2,1,29,0.010110083007020876,853229568,0.140625
cifar10,ssb-v2,0.3,2,1,30,0.004261959009454586,853344256,0.1640625
cifar10,ssb-v2,0.3,2,1,31,0.014814000009209849,855310336,0.1171875
cifar10,ssb-v2,0.3,2,1,32,0.014999291990534402,858669056,0.140625
cifar10,ssb-v2,0.3,2,1,33,0.004228167003020644,859734016,0.109375
cifar10,ssb-v2,0.3,2,1,34,0.009865040992735885,862093312,0.1484375
cifar10,ssb-v2,0.3,2,1,35,0.009567957997205667,864632832,0.2265625
cifar10,ssb-v2,0.3,2,1,36,0.009488374998909421,866861056,0.15625
cifar10,ssb-v2,0.3,2,1,37,0.01894745799654629,869662720,0.15625
cifar10,ssb-v2,0.3,2,1,38,0.009882792001008056,871956480,0.140625
cifar10,ssb-v2,0.3,2,1,39,0.019398916003410704,874954752,0.125
cifar10,ssb-v2,0.3,2,1,40,0.019301583000924438,880181248,0.0546875
cifar10,ssb-v2,0.3,2,1,41,0.014705749999848194,884015104,0.1484375
cifar10,ssb-v2,0.3,2,1,42,0.009211332988343202,886259712,0.1875
cifar10,ssb-v2,0.3,2,1,43,0.004094791991519742,887586816,0.171875
cifar10,ssb-v2,0.3,2,1,44,0.009772542005521245,889044992,0.125
cifar10,ssb-v2,0.3,2,1,45,0.004146709004999138,890552320,0.1484375
cifar10,ssb-v2,0.3,2,1,46,0.010234874993329868,891568128,0.1015625
cifar10,ssb-v2,0.3,2,1,47,0.009360083990031853,892862464,0.1875
cifar10,ssb-v2,0.3,2,1,48,0.009371749998535961,893616128,0.0625
cifar10,ssb-v2,0.3,2,1,49,0.00929008299135603,895025152,0.1328125
cifar10,ssb-v2,0.3,2,1,50,0.014417541999137029,897646592,0.1328125
cifar10,ssb-v2,0.3,2,1,51,0.004785166995134205,897646592,0.2109375
cifar10,ssb-v2,0.3,2,1,52,0.009702875002403744,899760128,0.21875
cifar10,ssb-v2,0.3,2,1,53,0.009283457999117672,900923392,0.15625
cifar10,ssb-v2,0.3,2,1,54,0.009465958006330766,902053888,0.109375
cifar10,ssb-v2,0.3,2,1,55,0.004101625003386289,903462912,0.1796875
cifar10,ssb-v2,0.3,2,1,56,0.07901041700097267,906297344,0.1015625
cifar10,ssb-v2,0.3,2,1,57,0.018555540998931974,908099584,0.140625
cifar10,ssb-v2,0.3,2,1,58,0.005725374998291954,909574144,0.1328125
cifar10,ssb-v2,0.3,2,1,59,0.02354266600741539,911360000,0.140625
cifar10,ssb-v2,0.3,2,1,60,0.005595208000158891,911982592,0.1171875
cifar10,ssb-v2,0.3,2,1,61,0.01725570799317211,913653760,0.109375
cifar10,ssb-v2,0.3,2,1,62,0.006768082996131852,914636800,0.1484375
cifar10,ssb-v2,0.3,2,1,63,0.018133624995243736,917094400,0.1796875
cifar10,ssb-v2,0.3,2,1,64,0.012350000004516914,918863872,0.140625
cifar10,ssb-v2,0.3,2,1,65,0.011816166996140964,919830528,0.125
cifar10,ssb-v2,0.3,2,1,66,0.01626708400726784,922894336,0.15625
cifar10,ssb-v2,0.3,2,1,67,0.014284791992395185,925188096,0.1484375
cifar10,ssb-v2,0.3,2,1,68,0.014856916997814551,928333824,0.1640625
cifar10,ssb-v2,0.3,2,1,69,0.009770667005795985,930529280,0.109375
cifar10,ssb-v2,0.3,2,1,70,0.009157874999800697,931971072,0.1484375
cifar10,ssb-v2,0.3,2,1,71,0.009357250004541129,934232064,0.1015625
cifar10,ssb-v2,0.3,2,1,72,0.004148915992118418,934592512,0.1484375
cifar10,ssb-v2,0.3,2,1,73,0.00948600000992883,935444480,0.171875
cifar10,ssb-v2,0.3,2,1,74,0.01531637500738725,937492480,0.09375
cifar10,ssb-v2,0.3,2,1,75,0.010585875003016554,939114496,0.1484375
cifar10,ssb-v2,0.3,2,1,76,0.005033708002883941,939671552,0.0546875
cifar10,ssb-v2,0.3,2,1,77,0.0041190829942934215,939671552,0.1171875
cifar10,ssb-v2,0.3,2,1,78,0.015413874993100762,941981696,0.2109375
cifar10,ssb-v2,0.3,2,1,79,0.004219915994326584,943489024,0.1796875
cifar10,ssb-v2,0.3,2,1,80,0.004165332997217774,944111616,0.171875
cifar10,ssb-v2,0.3,2,1,81,0.011777207997511141,944930816,0.109375
cifar10,ssb-v2,0.3,2,1,82,0.009713000006740913,946913280,0.1171875
cifar10,ssb-v2,0.3,2,1,83,0.009680457995273173,948092928,0.1484375
cifar10,ssb-v2,0.3,2,1,84,0.0042716250027297065,949075968,0.140625
cifar10,ssb-v2,0.3,2,1,85,0.004187416998320259,949518336,0.15625
cifar10,ssb-v2,0.3,2,1,86,0.004211958992527798,949518336,0.1640625
cifar10,ssb-v2,0.3,2,1,87,0.01039441701141186,950468608,0.15625
cifar10,ssb-v2,0.3,2,1,88,0.004119874996831641,950468608,0.171875
cifar10,ssb-v2,0.3,2,1,89,0.0043007920030504465,950468608,0.15625
cifar10,ssb-v2,0.3,2,1,90,0.009851082999375649,951271424,0.125
cifar10,ssb-v2,0.3,2,1,91,0.004143791011301801,951615488,0.03125
cifar10,ssb-v2,0.3,2,1,92,0.00444233299640473,951615488,0.1015625
cifar10,ssb-v2,0.3,2,1,93,0.004090792004717514,952500224,0.09375
cifar10,ssb-v2,0.3,2,1,94,0.0040644170076120645,952500224,0.078125
cifar10,ssb-v2,0.3,2,1,95,0.015514041995629668,954073088,0.1171875
cifar10,ssb-v2,0.3,2,1,96,0.015581750005367212,956121088,0.2109375
cifar10,ssb-v2,0.3,2,1,97,0.00419020900153555,957628416,0.1875
cifar10,ssb-v2,0.3,2,1,98,0.009577709002769552,958496768,0.1796875
cifar10,ssb-v2,0.3,2,1,99,0.005404707990237512,959889408,0.1796875
cifar10,ssb-v2,0.3,2,1,100,0.004497625006479211,959889408,0.1328125
cifar10,ssb-v2,0.3,2,1,101,0.011208792013349012,960675840,0.1875
cifar10,ssb-v2,0.3,2,1,102,0.004268625008990057,961298432,0.1328125
cifar10,ssb-v2,0.3,2,1,103,0.004110875001060776,961298432,0.125
cifar10,ssb-v2,0.3,2,1,104,0.01574149999942165,963002368,0.1484375
cifar10,ssb-v2,0.3,2,1,105,0.004297958003007807,964067328,0.140625
cifar10,ssb-v2,0.3,2,1,106,0.009797374994377606,965591040,0.1875
cifar10,ssb-v2,0.3,2,1,107,0.004515916007221676,966000640,0.203125
cifar10,ssb-v2,0.3,2,1,108,0.009632459012209438,967327744,0.140625
cifar10,ssb-v2,0.3,2,1,109,0.015069832996232435,969064448,0.1640625
cifar10,ssb-v2,0.3,2,1,110,0.00991779200558085,971210752,0.1484375
cifar10,ssb-v2,0.3,2,1,111,0.009541040999465622,972619776,0.171875
cifar10,ssb-v2,0.3,2,1,112,0.004312249991926365,974143488,0.1484375
cifar10,ssb-v2,0.3,2,1,113,0.010098416008986533,974962688,0.140625
cifar10,ssb-v2,0.3,2,1,114,0.009429124998860061,975650816,0.2109375
cifar10,ssb-v2,0.3,2,1,115,0.00423445799970068,976125952,0.234375
cifar10,ssb-v2,0.3,2,1,116,0.0042602499888744205,976977920,0.1171875
cifar10,ssb-v2,0.3,2,1,117,0.004651916999137029,976977920,0.1640625
cifar10,ssb-v2,0.3,2,1,118,0.00422812499164138,976977920,0.125
cifar10,ssb-v2,0.3,2,1,119,0.004230000005918555,976977920,0.0859375
cifar10,ssb-v2,0.3,2,1,120,0.004832582999370061,976977920,0.0859375
cifar10,ssb-v2,0.3,2,1,121,0.01672912499634549,978616320,0.078125
cifar10,ssb-v2,0.3,2,1,122,0.004221124996547587,979124224,0.09375
cifar10,ssb-v2,0.3,2,1,123,0.009181457993690856,980516864,0.1328125
cifar10,ssb-v2,0.3,2,1,124,0.004280041001038626,981794816,0.1328125
cifar10,ssb-v2,0.3,2,1,125,0.004284957991330884,981794816,0.1171875
cifar10,ssb-v2,0.3,2,1,126,0.004173458000877872,982040576,0.1171875
cifar10,ssb-v2,0.3,2,1,127,0.004147166997427121,982040576,0.171875
cifar10,ssb-v2,0.3,2,1,128,0.010784375001094304,982859776,0.15625
cifar10,ssb-v2,0.3,2,1,129,0.009472749996348284,984072192,0.1484375
cifar10,ssb-v2,0.3,2,1,130,0.004221665993100032,984727552,0.1484375
cifar10,ssb-v2,0.3,2,1,131,0.014554749999660999,986251264,0.125
cifar10,ssb-v2,0.3,2,1,132,0.004391208989545703,986480640,0.1171875
cifar10,ssb-v2,0.3,2,1,133,0.004193542001303285,987316224,0.109375
cifar10,ssb-v2,0.3,2,1,134,0.004805165997822769,987316224,0.109375
cifar10,ssb-v2,0.3,2,1,135,0.004938874990330078,987332608,0.1015625
cifar10,ssb-v2,0.3,2,1,136,0.00604108399420511,987332608,0.1171875
cifar10,ssb-v2,0.3,2,1,137,0.01451933299540542,988217344,0.0703125
cifar10,ssb-v2,0.3,2,1,138,0.01804183299827855,990281728,0.1015625
cifar10,ssb-v2,0.3,2,1,139,0.012232665991177782,992378880,0.15625
cifar10,ssb-v2,0.3,2,1,140,0.009953750006388873,993869824,0.125
cifar10,ssb-v2,0.3,2,1,141,0.009476416991674341,995524608,0.1328125
cifar10,ssb-v2,0.3,2,1,142,0.01487112499307841,999030784,0.171875
cifar10,ssb-v2,0.3,2,1,143,0.004603292007232085,999374848,0.125
cifar10,ssb-v2,0.3,2,1,144,0.004243624993250705,999374848,0.1484375
cifar10,ssb-v2,0.3,2,1,145,0.010135082993656397,1000538112,0.1796875
cifar10,ssb-v2,0.3,2,1,146,0.009621624994906597,1002291200,0.140625
cifar10,ssb-v2,0.3,2,1,147,0.004214790998958051,1003814912,0.1171875
cifar10,ssb-v2,0.3,2,1,148,0.010433999996166676,1004683264,0.1640625
cifar10,ssb-v2,0.3,2,1,149,0.009353959001600742,1005486080,0.140625
cifar10,ssb-v2,0.3,2,1,150,0.004190124993328936,1005879296,0.09375
cifar10,ssb-v2,0.3,2,1,151,0.00431370799196884,1006780416,0.1328125
cifar10,ssb-v2,0.3,2,1,152,0.004716665993328206,1006780416,0.109375
cifar10,ssb-v2,0.3,2,1,153,0.010223707999102771,1007665152,0.078125
cifar10,ssb-v2,0.3,2,1,154,0.004019500003778376,1007910912,0.09375
cifar10,ssb-v2,0.3,2,1,155,0.00420829099311959,1008140288,0.125
cifar10,ssb-v2,0.3,2,1,156,0.01719554199371487,1009614848,0.125
cifar10,ssb-v2,0.3,2,1,157,0.004173415989498608,1010581504,0.109375
cifar10,ssb-v2,0.3,2,1,158,0.009659249990363605,1011515392,0.140625
cifar10,ssb-v2,0.3,2,1,159,0.004167084000073373,1011941376,0.1484375
cifar10,ssb-v2,0.3,2,1,160,0.009714166997582652,1013825536,0.1953125
cifar10,ssb-v2,0.3,2,1,161,0.0095904580084607,1014579200,0.15625
cifar10,ssb-v2,0.3,2,1,162,0.004193792003206909,1014939648,0.15625
cifar10,ssb-v2,0.3,2,1,163,0.004411417001392692,1015496704,0.15625
cifar10,ssb-v2,0.3,2,1,164,0.004132500005653128,1015496704,0.125
cifar10,ssb-v2,0.3,2,1,165,0.004074374999618158,1015513088,0.1171875
cifar10,ssb-v2,0.3,2,1,166,0.004359458005637862,1016250368,0.1015625
cifar10,ssb-v2,0.3,2,1,167,0.004474415996810421,1016250368,0.1328125
cifar10,ssb-v2,0.3,2,1,168,0.005387292010709643,1016250368,0.09375
cifar10,ssb-v2,0.3,2,1,169,0.004620541003532708,1016250368,0.0703125
cifar10,ssb-v2,0.3,2,1,170,0.004028708004625514,1016250368,0.15625
cifar10,ssb-v2,0.3,2,1,171,0.010502207995159552,1017118720,0.1484375
cifar10,ssb-v2,0.3,2,1,172,0.004136374991503544,1017118720,0.125
cifar10,ssb-v2,0.3,2,1,173,0.0041005829989444464,1017364480,0.109375
cifar10,ssb-v2,0.3,2,1,174,0.009066792001249269,1017921536,0.1015625
cifar10,ssb-v2,0.3,2,1,175,0.004079417005414143,1018036224,0.1328125
cifar10,ssb-v2,0.3,2,1,176,0.009890625005937181,1018871808,0.125
cifar10,ssb-v2,0.3,2,1,177,0.009829999995417893,1019936768,0.1328125
cifar10,ssb-v2,0.3,2,1,178,0.009833000003709458,1021296640,0.1484375
cifar10,ssb-v2,0.3,2,1,179,0.0041522079991409555,1022722048,0.140625
cifar10,ssb-v2,0.3,2,1,180,0.00975891700363718,1023557632,0.1796875
cifar10,ssb-v2,0.3,2,1,181,0.004182332995696925,1024278528,0.140625
cifar10,ssb-v2,0.3,2,1,182,0.00481204099196475,1024688128,0.15625
cifar10,ssb-v2,0.3,2,1,183,0.00408270800835453,1024704512,0.1171875
cifar10,ssb-v2,0.3,2,1,184,0.004229291997035034,1024704512,0.15625
cifar10,ssb-v2,0.3,2,1,185,0.010727916000178084,1025523712,0.1640625
cifar10,ssb-v2,0.3,2,1,186,0.009507958995527588,1026834432,0.15625
cifar10,ssb-v2,0.3,2,1,187,0.004235792002873495,1027145728,0.109375
cifar10,ssb-v2,0.3,2,1,188,0.004066291992785409,1027145728,0.078125
cifar10,ssb-v2,0.3,2,1,189,0.004711332992883399,1028063232,0.171875
cifar10,ssb-v2,0.3,2,1,190,0.004854957995121367,1028063232,0.1328125
cifar10,ssb-v2,0.3,2,1,191,0.004297082996345125,1028063232,0.109375
cifar10,ssb-v2,0.3,2,1,192,0.004418166994582862,1028063232,0.09375
cifar10,ssb-v2,0.3,2,1,193,0.005088249992695637,1028063232,0.109375
cifar10,ssb-v2,0.3,2,1,194,0.004131707988562994,1028063232,0.1328125
cifar10,ssb-v2,0.3,2,1,195,0.010968791000777856,1028849664,0.0625
cifar10,ssb-v2,0.3,2,1,196,0.004366708002635278,1029144576,0.109375
cifar10,ssb-v2,0.3,2,1,197,0.004204583005048335,1029144576,0.109375
cifar10,ssb-v2,0.3,2,1,198,0.00400062499102205,1029095424,0.0625
cifar10,ssb-v2,0.3,2,1,199,0.004281166999135166,1029095424,0.0625
cifar10,ssb-v2,0.3,2,1,200,0.004167917009908706,1029095424,0.09375
cifar10,ssb-v2,0.3,2,1,201,0.003984666007454507,1029095424,0.1171875
cifar10,ssb-v2,0.3,2,1,202,0.004205583012662828,1029095424,0.1484375
cifar10,ssb-v2,0.3,2,1,203,0.005437583007733338,1029095424,0.140625
cifar10,ssb-v2,0.3,2,1,204,0.004661458995542489,1029095424,0.1640625
cifar10,ssb-v2,0.3,2,1,205,0.004114625000511296,1029095424,0.1640625
cifar10,ssb-v2,0.3,2,1,206,0.012754167008097284,1030258688,0.09375
cifar10,ssb-v2,0.3,2,1,207,0.004018917010398582,1030291456,0.1015625
cifar10,ssb-v2,0.3,2,1,208,0.010053958001662977,1031176192,0.0859375
cifar10,ssb-v2,0.3,2,1,209,0.004118291995837353,1031176192,0.1328125
cifar10,ssb-v2,0.3,2,1,210,0.004430417000548914,1031487488,0.171875
cifar10,ssb-v2,0.3,2,1,211,0.009945666999556124,1032208384,0.078125
cifar10,ssb-v2,0.3,2,1,212,0.004725291000795551,1032257536,0.1171875
cifar10,ssb-v2,0.3,2,1,213,0.004189957995549776,1032421376,0.078125
cifar10,ssb-v2,0.3,2,1,214,0.00415483299002517,1032749056,0.125
cifar10,ssb-v2,0.3,2,1,215,0.004006666989880614,1032749056,0.171875
cifar10,ssb-v2,0.3,2,1,216,0.004183541008387692,1032749056,0.1484375
cifar10,ssb-v2,0.3,2,1,217,0.004699582990724593,1032749056,0.1328125
cifar10,ssb-v2,0.3,2,1,218,0.004632625001249835,1032749056,0.09375
cifar10,ssb-v2,0.3,2,1,219,0.01034770900150761,1033617408,0.125
cifar10,ssb-v2,0.3,2,1,220,0.003933291009161621,1033797632,0.1171875
cifar10,ssb-v2,0.3,2,1,221,0.004057083991938271,1034043392,0.1953125
cifar10,ssb-v2,0.3,2,1,222,0.0039862910052761436,1034043392,0.1484375
cifar10,ssb-v2,0.3,2,1,223,0.004065916989929974,1034043392,0.171875
cifar10,ssb-v2,0.3,2,1,224,0.014755540993064642,1035665408,0.140625
cifar10,ssb-v2,0.3,2,1,225,0.004042083004605956,1035845632,0.1640625
cifar10,ssb-v2,0.3,2,1,226,0.004008707997854799,1035845632,0.09375
cifar10,ssb-v2,0.3,2,1,227,0.014203250000718981,1037516800,0.125
cifar10,ssb-v2,0.3,2,1,228,0.014264417011872865,1038450688,0.1015625
cifar10,ssb-v2,0.3,2,1,229,0.00423150000278838,1039089664,0.125
cifar10,ssb-v2,0.3,2,1,230,0.004013332989416085,1039089664,0.171875
cifar10,ssb-v2,0.3,2,1,231,0.004090791990165599,1039532032,0.109375
cifar10,ssb-v2,0.3,2,1,232,0.004285042014089413,1039532032,0.109375
cifar10,ssb-v2,0.3,2,1,233,0.005370458005927503,1039532032,0.09375
cifar10,ssb-v2,0.3,2,1,234,0.011094999994384125,1040400384,0.0859375
cifar10,ssb-v2,0.3,2,1,235,0.004035208999994211,1040646144,0.078125
cifar10,ssb-v2,0.3,2,1,236,0.004108834007638507,1040646144,0.0703125
cifar10,ssb-v2,0.3,2,1,237,0.010453583003254607,1042038784,0.140625
cifar10,ssb-v2,0.3,2,1,238,0.009822874999372289,1043202048,0.125
cifar10,ssb-v2,0.3,2,1,239,0.004278125008568168,1043202048,0.1484375
cifar10,ssb-v2,0.3,2,1,240,0.004600500004016794,1043808256,0.15625
cifar10,ssb-v2,0.3,2,1,241,0.010341625005821697,1045053440,0.140625
cifar10,ssb-v2,0.3,2,1,242,0.004156291994149797,1045528576,0.078125
cifar10,ssb-v2,0.3,2,1,243,0.004145083003095351,1045528576,0.1015625
cifar10,ssb-v2,0.3,2,1,244,0.003999834007117897,1045528576,0.1484375
cifar10,ssb-v2,0.3,2,1,245,0.004290917000616901,1045807104,0.1015625
cifar10,ssb-v2,0.3,2,1,246,0.00412420800421387,1045807104,0.171875
cifar10,ssb-v2,0.3,2,1,247,0.0042977080011041835,1045807104,0.09375
cifar10,ssb-v2,0.3,2,1,248,0.004505625009187497,1045823488,0.1171875
cifar10,ssb-v2,0.3,2,1,249,0.004426832994795404,1045823488,0.1328125
cifar10,ssb-v2,0.3,2,1,250,0.004028209004900418,1045839872,0.140625
cifar10,ssb-v2,0.3,2,1,251,0.004116084004635923,1045839872,0.078125
cifar10,ssb-v2,0.3,2,1,252,0.004119999997783452,1045839872,0.078125
cifar10,ssb-v2,0.3,2,1,253,0.0043634159956127405,1045839872,0.1015625
cifar10,ssb-v2,0.3,2,1,254,0.004071540999575518,1045839872,0.125
cifar10,ssb-v2,0.3,2,1,255,0.004161709002801217,1045856256,0.1015625
cifar10,ssb-v2,0.3,2,1,256,0.0040782089927233756,1045856256,0.1875
cifar10,ssb-v2,0.3,2,1,257,0.004302083994843997,1045856256,0.1640625
cifar10,ssb-v2,0.3,2,1,258,0.004084874992258847,1045856256,0.15625
cifar10,ssb-v2,0.3,2,1,259,0.0041046249971259385,1045856256,0.21875
cifar10,ssb-v2,0.3,2,1,260,0.004455916001461446,1045856256,0.125
cifar10,ssb-v2,0.3,2,1,261,0.004145291997701861,1045856256,0.0625
cifar10,ssb-v2,0.3,2,1,262,0.004228459001751617,1045856256,0.109375
cifar10,ssb-v2,0.3,2,1,263,0.004074041004059836,1045856256,0.125
cifar10,ssb-v2,0.3,2,1,264,0.0041217919933842495,1045856256,0.078125
cifar10,ssb-v2,0.3,2,1,265,0.004017458995804191,1045856256,0.1171875
cifar10,ssb-v2,0.3,2,1,266,0.004203458011033945,1045856256,0.09375
cifar10,ssb-v2,0.3,2,1,267,0.00424120799289085,1045856256,0.1328125
cifar10,ssb-v2,0.3,2,1,268,0.008216832997277379,1046003712,0.1171875
cifar10,ssb-v2,0.3,2,1,269,0.004289415999664925,1046937600,0.0859375
cifar10,ssb-v2,0.3,2,1,270,0.005357542002457194,1046953984,0.09375
cifar10,ssb-v2,0.3,2,1,271,0.014001332994666882,1047756800,0.1640625
cifar10,ssb-v2,0.3,2,1,272,0.004866749994107522,1048051712,0.1328125
cifar10,ssb-v2,0.3,2,1,273,0.004405083993333392,1048248320,0.1484375
cifar10,ssb-v2,0.3,2,1,274,0.004693042006692849,1048248320,0.1328125
cifar10,ssb-v2,0.3,2,1,275,0.004742542005260475,1048248320,0.1796875
cifar10,ssb-v2,0.3,2,1,276,0.01053574999968987,1049198592,0.140625
cifar10,ssb-v2,0.3,2,1,277,0.0041154579957947135,1049427968,0.0703125
cifar10,ssb-v2,0.3,2,1,278,0.004267500000423752,1049427968,0.1640625
cifar10,ssb-v2,0.3,2,1,279,0.004206792000331916,1049935872,0.1796875
cifar10,ssb-v2,0.3,2,1,280,0.01055104199622292,1050771456,0.1015625
cifar10,ssb-v2,0.3,2,1,281,0.004114249997655861,1050771456,0.15625
cifar10,ssb-v2,0.3,2,1,282,0.004133624999667518,1051688960,0.171875
cifar10,ssb-v2,0.3,2,1,283,0.004128500004298985,1051688960,0.2421875
cifar10,ssb-v2,0.3,2,1,284,0.0042141250014537945,1051934720,0.2109375
cifar10,ssb-v2,0.3,2,1,285,0.004139083001064137,1051934720,0.140625
cifar10,ssb-v2,0.3,2,1,286,0.004782125004567206,1051934720,0.140625
cifar10,ssb-v2,0.3,2,1,287,0.013493207996361889,1052639232,0.09375
cifar10,ssb-v2,0.3,2,1,288,0.0042752919980557635,1053278208,0.140625
cifar10,ssb-v2,0.3,2,1,289,0.00414775000535883,1053327360,0.203125
cifar10,ssb-v2,0.3,2,1,290,0.004124041995964944,1053376512,0.1328125
cifar10,ssb-v2,0.3,2,1,291,0.004438916992512532,1053376512,0.109375
cifar10,ssb-v2,0.3,2,1,292,0.00519658399571199,1053376512,0.125
cifar10,ssb-v2,0.3,2,1,293,0.0047130000020843,1053376512,0.1640625
cifar10,ssb-v2,0.3,2,1,294,0.010402083993540145,1054294016,0.1640625
cifar10,ssb-v2,0.3,2,1,295,0.0041440839995630085,1054294016,0.1953125
cifar10,ssb-v2,0.3,2,1,296,0.004208790996926837,1054523392,0.1875
cifar10,ssb-v2,0.3,2,1,297,0.004056541001773439,1054523392,0.125
cifar10,ssb-v2,0.3,2,1,298,0.010462332997121848,1055342592,0.1875
cifar10,ssb-v2,0.3,2,1,299,0.007711416998063214,1056079872,0.1640625
cifar10,ssb-v2,0.3,2,1,300,0.0063190420041792095,1056817152,0.109375
cifar10,ssb-v2,0.3,2,1,301,0.014566416997695342,1057685504,0.1640625
cifar10,ssb-v2,0.3,2,1,302,0.005117874999996275,1057685504,0.1875
cifar10,ssb-v2,0.3,2,1,303,0.004878625011770055,1058570240,0.1328125
cifar10,ssb-v2,0.3,2,1,304,0.005214999997406267,1058570240,0.15625
cifar10,ssb-v2,0.3,2,1,305,0.004396834003273398,1058570240,0.140625
cifar10,ssb-v2,0.3,2,1,306,0.00432849999924656,1058570240,0.2109375
cifar10,ssb-v2,0.3,2,1,307,0.010674083008780144,1059291136,0.1171875
cifar10,ssb-v2,0.3,2,1,308,0.004065208006068133,1059766272,0.1640625
cifar10,ssb-v2,0.3,2,1,309,0.004294750004191883,1060225024,0.1171875
cifar10,ssb-v2,0.3,2,1,310,0.010193916008574888,1061126144,0.125
cifar10,ssb-v2,0.3,2,1,311,0.00998825000715442,1061896192,0.1328125
cifar10,ssb-v2,0.3,2,1,312,0.009359500007121824,1063698432,0.1328125
cifar10,ssb-v2,0.3,2,1,313,0.004179124996881001,1064091648,0.171875
cifar10,ssb-v2,0.3,2,1,314,0.004512707993853837,1064091648,0.1328125
cifar10,ssb-v2,0.3,2,1,315,0.01053179200971499,1064976384,0.171875
cifar10,ssb-v2,0.3,2,1,316,0.004185625002719462,1064976384,0.171875
cifar10,ssb-v2,0.3,2,1,317,0.004060667008161545,1066057728,0.140625
cifar10,ssb-v2,0.3,2,1,318,0.004183708006166853,1066057728,0.1484375
cifar10,ssb-v2,0.3,2,1,319,0.004148084000917152,1066549248,0.1875
cifar10,ssb-v2,0.3,2,1,320,0.004099833007785492,1066549248,0.125
cifar10,ssb-v2,0.3,2,1,321,0.004604125002515502,1066549248,0.109375
cifar10,ssb-v2,0.3,2,1,322,0.012143250001827255,1067253760,0.1015625
cifar10,ssb-v2,0.3,2,1,323,0.0044026670075254515,1067696128,0.1171875
cifar10,ssb-v2,0.3,2,1,324,0.01036095900053624,1068335104,0.1328125
cifar10,ssb-v2,0.3,2,1,325,0.004775458000949584,1068793856,0.1484375
cifar10,ssb-v2,0.3,2,1,326,0.004322791995946318,1069039616,0.1484375
cifar10,ssb-v2,0.3,2,1,327,0.0042287500109523535,1069056000,0.1171875
cifar10,ssb-v2,0.3,2,1,328,0.009857500001089647,1070120960,0.171875
cifar10,ssb-v2,0.3,2,1,329,0.004112082999199629,1070120960,0.1328125
cifar10,ssb-v2,0.3,2,1,330,0.004249791993061081,1070628864,0.109375
cifar10,ssb-v2,0.3,2,1,331,0.004101500002434477,1070645248,0.1015625
cifar10,ssb-v2,0.3,2,1,332,0.004118333003134467,1070645248,0.125
cifar10,ssb-v2,0.3,2,1,333,0.010974666001857258,1071448064,0.09375
cifar10,ssb-v2,0.3,2,1,334,0.004304082991438918,1072578560,0.203125
cifar10,ssb-v2,0.3,2,1,335,0.004126416999497451,1072578560,0.171875
cifar10,ssb-v2,0.3,2,1,336,0.004110334004508331,1072578560,0.1328125
cifar10,ssb-v2,0.3,2,1,337,0.004150292006670497,1072758784,0.1640625
cifar10,ssb-v2,0.3,2,1,338,0.004102165999938734,1072758784,0.2109375
cifar10,ssb-v2,0.3,2,1,339,0.011119708011392504,1073627136,0.1953125
cifar10,ssb-v2,0.3,2,1,340,0.004452583001693711,1073627136,0.140625
cifar10,ssb-v2,0.3,2,1,341,0.004137583004194312,1073627136,0.140625
cifar10,ssb-v2,0.3,2,1,342,0.0041335840069223195,1074364416,0.0859375
cifar10,ssb-v2,0.3,2,1,343,0.004062250009155832,1074364416,0.140625
cifar10,ssb-v2,0.3,2,1,344,0.004206208002869971,1074446336,0.203125
cifar10,ssb-v2,0.3,2,1,345,0.005092457999126054,1074446336,0.21875
cifar10,ssb-v2,0.3,2,1,346,0.00533674999314826,1074446336,0.1953125
cifar10,ssb-v2,0.3,2,1,347,0.004193667002255097,1074446336,0.25
cifar10,ssb-v2,0.3,2,1,348,0.004112291993806139,1074446336,0.1796875
cifar10,ssb-v2,0.3,2,1,349,0.004124667000724003,1074446336,0.1875
cifar10,ssb-v2,0.3,2,1,350,0.004217624999000691,1074446336,0.1796875
cifar10,ssb-v2,0.3,2,1,351,0.003980584006058052,1074446336,0.0703125
cifar10,ssb-v2,0.3,2,1,352,0.004044625005917624,1074446336,0.1484375
cifar10,ssb-v2,0.3,2,1,353,0.0041596250084694475,1074462720,0.0859375
cifar10,ssb-v2,0.3,2,1,354,0.004320874999393709,1074462720,0.1875
cifar10,ssb-v2,0.3,2,1,355,0.004882499997620471,1074462720,0.203125
cifar10,ssb-v2,0.3,2,1,356,0.00417166699480731,1074462720,0.125
cifar10,ssb-v2,0.3,2,1,357,0.004287667004973628,1074462720,0.1484375
cifar10,ssb-v2,0.3,2,1,358,0.004200541996397078,1074462720,0.09375
cifar10,ssb-v2,0.3,2,1,359,0.004141792000154965,1074462720,0.1953125
cifar10,ssb-v2,0.3,2,1,360,0.004195332992821932,1074462720,0.2421875
cifar10,ssb-v2,0.3,2,1,361,0.004091625000000931,1074462720,0.1484375
cifar10,ssb-v2,0.3,2,1,362,0.004057875004946254,1074462720,0.109375
cifar10,ssb-v2,0.3,2,1,363,0.004054999997606501,1074462720,0.203125
cifar10,ssb-v2,0.3,2,1,364,0.004195208995952271,1074462720,0.15625
cifar10,ssb-v2,0.3,2,1,365,0.003975042011006735,1074462720,0.234375
cifar10,ssb-v2,0.3,2,1,366,0.004288665993954055,1074479104,0.171875
cifar10,ssb-v2,0.3,2,1,367,0.01613795800949447,1076199424,0.1640625
cifar10,ssb-v2,0.3,2,1,368,0.004348459013272077,1076510720,0.1953125
cifar10,ssb-v2,0.3,2,1,369,0.004092375005711801,1077657600,0.140625
cifar10,ssb-v2,0.3,2,1,370,0.004091541995876469,1077657600,0.1640625
cifar10,ssb-v2,0.3,2,1,371,0.004930584007524885,1077657600,0.1484375
cifar10,ssb-v2,0.3,2,1,372,0.010312250000424683,1078329344,0.140625
cifar10,ssb-v2,0.3,2,1,373,0.004153999994741753,1078689792,0.1796875
cifar10,ssb-v2,0.3,2,1,374,0.00431395901250653,1078689792,0.1875
cifar10,ssb-v2,0.3,2,1,375,0.004221292008878663,1079017472,0.2109375
cifar10,ssb-v2,0.3,2,1,376,0.004238250010530464,1079017472,0.25
cifar10,ssb-v2,0.3,2,1,377,0.004402917009429075,1079017472,0.2109375
cifar10,ssb-v2,0.3,2,1,378,0.00438045799091924,1079017472,0.15625
cifar10,ssb-v2,0.3,2,1,379,0.005083583004307002,1079017472,0.15625
cifar10,ssb-v2,0.3,2,1,380,0.0041457080078544095,1079033856,0.1640625
cifar10,ssb-v2,0.3,2,1,381,0.004139250013395213,1079033856,0.21875
cifar10,ssb-v2,0.3,2,1,382,0.004318791994592175,1079033856,0.1953125
cifar10,ssb-v2,0.3,2,1,383,0.010514833993511274,1079984128,0.2734375
cifar10,ssb-v2,0.3,2,1,384,0.01541079199523665,1081851904,0.2421875
cifar10,ssb-v2,0.3,2,1,385,0.004245375006576069,1082834944,0.1484375
cifar10,ssb-v2,0.3,2,1,386,0.004096165997907519,1082834944,0.140625
cifar10,ssb-v2,0.3,2,1,387,0.004586915994877927,1082834944,0.171875
cifar10,ssb-v2,0.3,2,1,388,0.011217874998692423,1083588608,0.21875
cifar10,ssb-v2,0.3,2,1,389,0.004320417006965727,1083867136,0.1796875
cifar10,ssb-v2,0.3,2,1,390,0.039713582998956554,1094238208,0.175
cifar10,ssb-v2,0.3,2,2,0,0.0072214170068036765,1103052800,0.15625
cifar10,ssb-v2,0.3,2,2,1,0.004478917006053962,1103282176,0.1640625
cifar10,ssb-v2,0.3,2,2,2,0.004536375010502525,1103298560,0.171875
cifar10,ssb-v2,0.3,2,2,3,0.005761666994658299,1104576512,0.109375
cifar10,ssb-v2,0.3,2,2,4,0.005195916994125582,1104576512,0.1875
cifar10,ssb-v2,0.3,2,2,5,0.004807457997230813,1104576512,0.125
cifar10,ssb-v2,0.3,2,2,6,0.0044615000078920275,1104576512,0.171875
cifar10,ssb-v2,0.3,2,2,7,0.004677999997511506,1104592896,0.125
cifar10,ssb-v2,0.3,2,2,8,0.00423933299316559,1104592896,0.1953125
cifar10,ssb-v2,0.3,2,2,9,0.004335875011747703,1104592896,0.09375
cifar10,ssb-v2,0.3,2,2,10,0.004326042006141506,1104592896,0.078125
cifar10,ssb-v2,0.3,2,2,11,0.004711707995738834,1104592896,0.1796875
cifar10,ssb-v2,0.3,2,2,12,0.0041786660003708676,1104592896,0.1015625
cifar10,ssb-v2,0.3,2,2,13,0.004266749994712882,1104592896,0.203125
cifar10,ssb-v2,0.3,2,2,14,0.004278167005395517,1104592896,0.1328125
cifar10,ssb-v2,0.3,2,2,15,0.004434000002220273,1104592896,0.1875
cifar10,ssb-v2,0.3,2,2,16,0.004176500005996786,1104592896,0.15625
cifar10,ssb-v2,0.3,2,2,17,0.011459667002782226,1105346560,0.1015625
cifar10,ssb-v2,0.3,2,2,18,0.005211124997003935,1105346560,0.1171875
cifar10,ssb-v2,0.3,2,2,19,0.005340333009371534,1106919424,0.109375
cifar10,ssb-v2,0.3,2,2,20,0.005164083995623514,1107165184,0.140625
cifar10,ssb-v2,0.3,2,2,21,0.004212875006487593,1107165184,0.1015625
cifar10,ssb-v2,0.3,2,2,22,0.004116209005587734,1107623936,0.21875
cifar10,ssb-v2,0.3,2,2,23,0.004485166005906649,1107623936,0.1640625
cifar10,ssb-v2,0.3,2,2,24,0.008732666989089921,1106821120,0.171875
cifar10,ssb-v2,0.3,2,2,25,0.004404292005347088,1100906496,0.078125
cifar10,ssb-v2,0.3,2,2,26,0.004542915994534269,1102479360,0.140625
cifar10,ssb-v2,0.3,2,2,27,0.004726125000161119,1102479360,0.1328125
cifar10,ssb-v2,0.3,2,2,28,0.004465042002266273,1102479360,0.1484375
cifar10,ssb-v2,0.3,2,2,29,0.004374916999950074,1102479360,0.1640625
cifar10,ssb-v2,0.3,2,2,30,0.004293334000976756,1102479360,0.140625
cifar10,ssb-v2,0.3,2,2,31,0.004466416998184286,1102479360,0.140625
cifar10,ssb-v2,0.3,2,2,32,0.004229083002428524,1102479360,0.125
cifar10,ssb-v2,0.3,2,2,33,0.0042825419950531796,1102495744,0.15625
cifar10,ssb-v2,0.3,2,2,34,0.004174999994575046,1102495744,0.1484375
cifar10,ssb-v2,0.3,2,2,35,0.004292208002880216,1102495744,0.0703125
cifar10,ssb-v2,0.3,2,2,36,0.0042127920023631305,1102495744,0.0625
cifar10,ssb-v2,0.3,2,2,37,0.004300250002415851,1102495744,0.1171875
cifar10,ssb-v2,0.3,2,2,38,0.004606083006365225,1102495744,0.1015625
cifar10,ssb-v2,0.3,2,2,39,0.00429541600169614,1102495744,0.125
cifar10,ssb-v2,0.3,2,2,40,0.004113584000151604,1102495744,0.140625
cifar10,ssb-v2,0.3,2,2,41,0.011183124996023253,1103282176,0.1484375
cifar10,ssb-v2,0.3,2,2,42,0.004144541002460755,1103380480,0.15625
cifar10,ssb-v2,0.3,2,2,43,0.004196666995994747,1103380480,0.1640625
cifar10,ssb-v2,0.3,2,2,44,0.010789750012918375,1104150528,0.109375
cifar10,ssb-v2,0.3,2,2,45,0.004796834007720463,1104166912,0.0703125
cifar10,ssb-v2,0.3,2,2,46,0.004297583000152372,1105346560,0.0859375
cifar10,ssb-v2,0.3,2,2,47,0.011464834009530023,1106280448,0.1171875
cifar10,ssb-v2,0.3,2,2,48,0.011382083990611136,1107017728,0.125
cifar10,ssb-v2,0.3,2,2,49,0.00484158300969284,1107279872,0.1328125
cifar10,ssb-v2,0.3,2,2,50,0.00491766601044219,1107968000,0.1171875
cifar10,ssb-v2,0.3,2,2,51,0.00530195799365174,1108213760,0.140625
cifar10,ssb-v2,0.3,2,2,52,0.01148395799100399,1109409792,0.1484375
cifar10,ssb-v2,0.3,2,2,53,0.004351499999756925,1109442560,0.09375
cifar10,ssb-v2,0.3,2,2,54,0.004349625000031665,1109852160,0.1640625
cifar10,ssb-v2,0.3,2,2,55,0.004219833004754037,1110130688,0.109375
cifar10,ssb-v2,0.3,2,2,56,0.010886207994190045,1111064576,0.0703125
cifar10,ssb-v2,0.3,2,2,57,0.00435299999662675,1111326720,0.0859375
cifar10,ssb-v2,0.3,2,2,58,0.004362542007584125,1111801856,0.0625
cifar10,ssb-v2,0.3,2,2,59,0.003995999999460764,1111801856,0.1640625
cifar10,ssb-v2,0.3,2,2,60,0.004151166998781264,1111801856,0.125
cifar10,ssb-v2,0.3,2,2,61,0.004437083000084385,1111801856,0.1015625
cifar10,ssb-v2,0.3,2,2,62,0.004868000003625639,1111801856,0.1328125
cifar10,ssb-v2,0.3,2,2,63,0.005051000000094064,1111818240,0.1484375
cifar10,ssb-v2,0.3,2,2,64,0.004167790990322828,1111818240,0.1796875
cifar10,ssb-v2,0.3,2,2,65,0.00424983398988843,1111818240,0.0859375
cifar10,ssb-v2,0.3,2,2,66,0.004113624992896803,1111818240,0.125
cifar10,ssb-v2,0.3,2,2,67,0.004177083988906816,1111834624,0.15625
cifar10,ssb-v2,0.3,2,2,68,0.004066040986799635,1111834624,0.15625
cifar10,ssb-v2,0.3,2,2,69,0.004187792001175694,1111834624,0.15625
cifar10,ssb-v2,0.3,2,2,70,0.004158375013503246,1111834624,0.1015625
cifar10,ssb-v2,0.3,2,2,71,0.004893000004813075,1111834624,0.1171875
cifar10,ssb-v2,0.3,2,2,72,0.011085582998930477,1112768512,0.0625
cifar10,ssb-v2,0.3,2,2,73,0.004084166997927241,1113014272,0.125
cifar10,ssb-v2,0.3,2,2,74,0.004458832991076633,1113030656,0.1015625
cifar10,ssb-v2,0.3,2,2,75,0.004227416997309774,1113030656,0.0390625
cifar10,ssb-v2,0.3,2,2,76,0.004497708010603674,1113030656,0.078125
cifar10,ssb-v2,0.3,2,2,77,0.004759125004056841,1113030656,0.15625
cifar10,ssb-v2,0.3,2,2,78,0.004446666003786959,1113030656,0.15625
cifar10,ssb-v2,0.3,2,2,79,0.00421091599855572,1113030656,0.078125
cifar10,ssb-v2,0.3,2,2,80,0.0041227079927921295,1113030656,0.1015625
cifar10,ssb-v2,0.3,2,2,81,0.00411300000268966,1113030656,0.1328125
cifar10,ssb-v2,0.3,2,2,82,0.003889125000569038,1113030656,0.1875
cifar10,ssb-v2,0.3,2,2,83,0.00430420899647288,1113522176,0.1875
cifar10,ssb-v2,0.3,2,2,84,0.00411279100808315,1113522176,0.2109375
cifar10,ssb-v2,0.3,2,2,85,0.0045142919989302754,1113522176,0.2109375
cifar10,ssb-v2,0.3,2,2,86,0.0047606660082237795,1113522176,0.15625
cifar10,ssb-v2,0.3,2,2,87,0.004009083000710234,1113522176,0.109375
cifar10,ssb-v2,0.3,2,2,88,0.004216583998640999,1113522176,0.1171875
cifar10,ssb-v2,0.3,2,2,89,0.004169083011220209,1113522176,0.1015625
cifar10,ssb-v2,0.3,2,2,90,0.004196792011498474,1113522176,0.1171875
cifar10,ssb-v2,0.3,2,2,91,0.00414679100504145,1113522176,0.1015625
cifar10,ssb-v2,0.3,2,2,92,0.0041480420040898025,1113522176,0.1875
cifar10,ssb-v2,0.3,2,2,93,0.004074041993590072,1113522176,0.1171875
cifar10,ssb-v2,0.3,2,2,94,0.0041109169978881255,1113538560,0.0859375
cifar10,ssb-v2,0.3,2,2,95,0.00420737499371171,1113538560,0.1015625
cifar10,ssb-v2,0.3,2,2,96,0.004290583005058579,1113538560,0.1484375
cifar10,ssb-v2,0.3,2,2,97,0.004302667002775706,1113538560,0.109375
cifar10,ssb-v2,0.3,2,2,98,0.004230625010677613,1113538560,0.1484375
cifar10,ssb-v2,0.3,2,2,99,0.011179332999745384,1114259456,0.1171875
cifar10,ssb-v2,0.3,2,2,100,0.004555749997962266,1114275840,0.125
cifar10,ssb-v2,0.3,2,2,101,0.018440959000145085,1115144192,0.234375
cifar10,ssb-v2,0.3,2,2,102,0.004469708001124673,1115308032,0.140625
cifar10,ssb-v2,0.3,2,2,103,0.004828834004001692,1115865088,0.171875
cifar10,ssb-v2,0.3,2,2,104,0.005641167008434422,1115865088,0.1484375
cifar10,ssb-v2,0.3,2,2,105,0.004368292007711716,1116176384,0.203125
cifar10,ssb-v2,0.3,2,2,106,0.004117374992347322,1116176384,0.109375
cifar10,ssb-v2,0.3,2,2,107,0.004139290991588496,1116585984,0.1953125
cifar10,ssb-v2,0.3,2,2,108,0.004298041996662505,1116585984,0.1796875
cifar10,ssb-v2,0.3,2,2,109,0.004125500010559335,1116585984,0.109375
cifar10,ssb-v2,0.3,2,2,110,0.010927583003649488,1117454336,0.1953125
cifar10,ssb-v2,0.3,2,2,111,0.004282374997274019,1117880320,0.171875
cifar10,ssb-v2,0.3,2,2,112,0.004328208990045823,1117945856,0.15625
cifar10,ssb-v2,0.3,2,2,113,0.0041301250021206215,1117945856,0.140625
cifar10,ssb-v2,0.3,2,2,114,0.003998125001089647,1117945856,0.1171875
cifar10,ssb-v2,0.3,2,2,115,0.004167832987150177,1117945856,0.15625
cifar10,ssb-v2,0.3,2,2,116,0.0051454579952405766,1117945856,0.2109375
cifar10,ssb-v2,0.3,2,2,117,0.004596665996359661,1117945856,0.15625
cifar10,ssb-v2,0.3,2,2,118,0.004284957991330884,1117945856,0.265625
cifar10,ssb-v2,0.3,2,2,119,0.0041148750024149194,1117945856,0.2109375
cifar10,ssb-v2,0.3,2,2,120,0.004105624990188517,1117945856,0.1796875
cifar10,ssb-v2,0.3,2,2,121,0.0045879999961471185,1117945856,0.109375
cifar10,ssb-v2,0.3,2,2,122,0.004112707989406772,1117945856,0.140625
cifar10,ssb-v2,0.3,2,2,123,0.004179333001957275,1117962240,0.0859375
cifar10,ssb-v2,0.3,2,2,124,0.004029583986266516,1117962240,0.09375
cifar10,ssb-v2,0.3,2,2,125,0.010642875000485219,1119076352,0.1328125
cifar10,ssb-v2,0.3,2,2,126,0.004195542001980357,1119305728,0.140625
cifar10,ssb-v2,0.3,2,2,127,0.004253499995684251,1119551488,0.1328125
cifar10,ssb-v2,0.3,2,2,128,0.004167499995674007,1119551488,0.109375
cifar10,ssb-v2,0.3,2,2,129,0.004158084004302509,1119551488,0.109375
cifar10,ssb-v2,0.3,2,2,130,0.004488500009756535,1119551488,0.125
cifar10,ssb-v2,0.3,2,2,131,0.006077666999772191,1119780864,0.09375
cifar10,ssb-v2,0.3,2,2,132,0.005128582997713238,1119780864,0.078125
cifar10,ssb-v2,0.3,2,2,133,0.01046287501230836,1120632832,0.1015625
cifar10,ssb-v2,0.3,2,2,134,0.00401654199231416,1120632832,0.1875
cifar10,ssb-v2,0.3,2,2,135,0.004277041996829212,1120632832,0.1875
cifar10,ssb-v2,0.3,2,2,136,0.004104124993318692,1120632832,0.1796875
cifar10,ssb-v2,0.3,2,2,137,0.011154874999192543,1121435648,0.171875
cifar10,ssb-v2,0.3,2,2,138,0.004153000001679175,1121927168,0.109375
cifar10,ssb-v2,0.3,2,2,139,0.00434495801164303,1122418688,0.1875
cifar10,ssb-v2,0.3,2,2,140,0.003952291008317843,1122418688,0.1875
cifar10,ssb-v2,0.3,2,2,141,0.004225665994454175,1122418688,0.21875
cifar10,ssb-v2,0.3,2,2,142,0.010230542000499554,1123123200,0.078125
cifar10,ssb-v2,0.3,2,2,143,0.0041543340048519894,1123581952,0.171875
cifar10,ssb-v2,0.3,2,2,144,0.004127416992560029,1124204544,0.109375
cifar10,ssb-v2,0.3,2,2,145,0.003977208005380817,1124335616,0.171875
cifar10,ssb-v2,0.3,2,2,146,0.004120375000638887,1124335616,0.125
cifar10,ssb-v2,0.3,2,2,147,0.010680209001293406,1125269504,0.109375
cifar10,ssb-v2,0.3,2,2,148,0.004092082992428914,1125285888,0.125
cifar10,ssb-v2,0.3,2,2,149,0.0041254169918829575,1125761024,0.09375
cifar10,ssb-v2,0.3,2,2,150,0.003973958999267779,1125761024,0.1953125
cifar10,ssb-v2,0.3,2,2,151,0.004173375011305325,1125761024,0.140625
cifar10,ssb-v2,0.3,2,2,152,0.004079207996255718,1125761024,0.1640625
cifar10,ssb-v2,0.3,2,2,153,0.0044072500022593886,1125761024,0.1640625
cifar10,ssb-v2,0.3,2,2,154,0.0049329169996781275,1125761024,0.140625
cifar10,ssb-v2,0.3,2,2,155,0.004975040996214375,1126006784,0.1484375
cifar10,ssb-v2,0.3,2,2,156,0.00453262499650009,1126006784,0.1796875
cifar10,ssb-v2,0.3,2,2,157,0.003971915997681208,1126006784,0.0703125
cifar10,ssb-v2,0.3,2,2,158,0.004278749998775311,1125613568,0.1796875
cifar10,ssb-v2,0.3,2,2,159,0.004188791004708037,1125613568,0.1015625
cifar10,ssb-v2,0.3,2,2,160,0.004042375003336929,1125613568,0.140625
cifar10,ssb-v2,0.3,2,2,161,0.004095249998499639,1125613568,0.109375
cifar10,ssb-v2,0.3,2,2,162,0.00416662500356324,1125613568,0.1953125
cifar10,ssb-v2,0.3,2,2,163,0.010965416993713006,1126432768,0.140625
cifar10,ssb-v2,0.3,2,2,164,0.004217125009745359,1126694912,0.1171875
cifar10,ssb-v2,0.3,2,2,165,0.004153084009885788,1126694912,0.1328125
cifar10,ssb-v2,0.3,2,2,166,0.004061166997416876,1126694912,0.1171875
cifar10,ssb-v2,0.3,2,2,167,0.0040545000083511695,1127153664,0.125
cifar10,ssb-v2,0.3,2,2,168,0.004110082998522557,1127038976,0.09375
cifar10,ssb-v2,0.3,2,2,169,0.00492570799542591,1125056512,0.1640625
cifar10,ssb-v2,0.3,2,2,170,0.0046986250090412796,1125056512,0.15625
cifar10,ssb-v2,0.3,2,2,171,0.004135833005420864,1125056512,0.140625
cifar10,ssb-v2,0.3,2,2,172,0.004099083002074622,1125056512,0.125
cifar10,ssb-v2,0.3,2,2,173,0.0041413750004721805,1125056512,0.0859375
cifar10,ssb-v2,0.3,2,2,174,0.004262125003151596,1121255424,0.0859375
cifar10,ssb-v2,0.3,2,2,175,0.004058499995153397,1121255424,0.109375
cifar10,ssb-v2,0.3,2,2,176,0.004141583005548455,1121271808,0.109375
cifar10,ssb-v2,0.3,2,2,177,0.004161459000897594,1121271808,0.078125
cifar10,ssb-v2,0.3,2,2,178,0.004713249989436008,1121271808,0.1328125
cifar10,ssb-v2,0.3,2,2,179,0.004527291996055283,1118420992,0.1484375
cifar10,ssb-v2,0.3,2,2,180,0.004077707999385893,1118420992,0.203125
cifar10,ssb-v2,0.3,2,2,181,0.004112333990633488,1118420992,0.265625
cifar10,ssb-v2,0.3,2,2,182,0.004291249992093071,1118420992,0.1953125
cifar10,ssb-v2,0.3,2,2,183,0.004175957990810275,1118420992,0.1796875
cifar10,ssb-v2,0.3,2,2,184,0.004058999998960644,1118420992,0.234375
cifar10,ssb-v2,0.3,2,2,185,0.004156834009336308,1112621056,0.21875
cifar10,ssb-v2,0.3,2,2,186,0.004130207991693169,1103020032,0.109375
cifar10,ssb-v2,0.3,2,2,187,0.004053084005136043,1103020032,0.109375
cifar10,ssb-v2,0.3,2,2,188,0.010890874997130595,1103855616,0.140625
cifar10,ssb-v2,0.3,2,2,189,0.004226250006468035,1103855616,0.1328125
cifar10,ssb-v2,0.3,2,2,190,0.004073042000527494,1104248832,0.1015625
cifar10,ssb-v2,0.3,2,2,191,0.006548958001076244,1084538880,0.1171875
cifar10,ssb-v2,0.3,2,2,192,0.004080084007000551,1084555264,0.078125
cifar10,ssb-v2,0.3,2,2,193,0.004510792001383379,1084555264,0.1328125
cifar10,ssb-v2,0.3,2,2,194,0.0052762500126846135,1084555264,0.1328125
cifar10,ssb-v2,0.3,2,2,195,0.004050749994348735,1084555264,0.1015625
cifar10,ssb-v2,0.3,2,2,196,0.004076290992088616,1084555264,0.078125
cifar10,ssb-v2,0.3,2,2,197,0.004073666001204401,1084555264,0.0859375
cifar10,ssb-v2,0.3,2,2,198,0.004149665997829288,1084555264,0.15625
cifar10,ssb-v2,0.3,2,2,199,0.010703750012908131,1076592640,0.140625
cifar10,ssb-v2,0.3,2,2,200,0.004090625006938353,1076641792,0.1484375
cifar10,ssb-v2,0.3,2,2,201,0.004157624993240461,1076658176,0.1484375
cifar10,ssb-v2,0.3,2,2,202,0.004064416993060149,1076658176,0.1171875
cifar10,ssb-v2,0.3,2,2,203,0.0041341250034747645,1077297152,0.1484375
cifar10,ssb-v2,0.3,2,2,204,0.004100500009371899,1077297152,0.1015625
cifar10,ssb-v2,0.3,2,2,205,0.004211667008348741,1077313536,0.078125
cifar10,ssb-v2,0.3,2,2,206,0.00516345800133422,1069334528,0.078125
cifar10,ssb-v2,0.3,2,2,207,0.0052945409988751635,1069334528,0.15625
cifar10,ssb-v2,0.3,2,2,208,0.004140791003010236,1069334528,0.0625
cifar10,ssb-v2,0.3,2,2,209,0.004139917000429705,1069334528,0.1484375
cifar10,ssb-v2,0.3,2,2,210,0.004144874998019077,1069334528,0.1171875
cifar10,ssb-v2,0.3,2,2,211,0.00423745799344033,1069334528,0.1328125
cifar10,ssb-v2,0.3,2,2,212,0.004136583011131734,1069334528,0.140625
cifar10,ssb-v2,0.3,2,2,213,0.004102582999621518,1069334528,0.0625
cifar10,ssb-v2,0.3,2,2,214,0.004198292008368298,1069334528,0.1015625
cifar10,ssb-v2,0.3,2,2,215,0.004249040997819975,1069334528,0.125
cifar10,ssb-v2,0.3,2,2,216,0.004117541000596248,1069334528,0.125
cifar10,ssb-v2,0.3,2,2,217,0.00412549999600742,1069334528,0.1484375
cifar10,ssb-v2,0.3,2,2,218,0.004178624993073754,1069334528,0.203125
cifar10,ssb-v2,0.3,2,2,219,0.004055666009662673,1069334528,0.171875
cifar10,ssb-v2,0.3,2,2,220,0.004433167006936856,1069334528,0.078125
cifar10,ssb-v2,0.3,2,2,221,0.010575583000900224,1070071808,0.0859375
cifar10,ssb-v2,0.3,2,2,222,0.004156082999543287,1070776320,0.140625
cifar10,ssb-v2,0.3,2,2,223,0.004272542006219737,1070841856,0.125
cifar10,ssb-v2,0.3,2,2,224,0.004031666001537815,1070858240,0.1796875
cifar10,ssb-v2,0.3,2,2,225,0.0041617499955464154,1070858240,0.171875
cifar10,ssb-v2,0.3,2,2,226,0.004020208012661897,1070858240,0.1796875
cifar10,ssb-v2,0.3,2,2,227,0.004452666995348409,1070858240,0.2109375
cifar10,ssb-v2,0.3,2,2,228,0.00497374999395106,1070858240,0.171875
cifar10,ssb-v2,0.3,2,2,229,0.004394792005768977,1070858240,0.1796875
cifar10,ssb-v2,0.3,2,2,230,0.004063291009515524,1070858240,0.125
cifar10,ssb-v2,0.3,2,2,231,0.004074042008141987,1070858240,0.1328125
cifar10,ssb-v2,0.3,2,2,232,0.004182125005172566,1070858240,0.171875
cifar10,ssb-v2,0.3,2,2,233,0.0040749170002527535,1070858240,0.1640625
cifar10,ssb-v2,0.3,2,2,234,0.004107250002562068,1070858240,0.125
cifar10,ssb-v2,0.3,2,2,235,0.004231207989505492,1070858240,0.0703125
cifar10,ssb-v2,0.3,2,2,236,0.004860083005041815,1070858240,0.1328125
cifar10,ssb-v2,0.3,2,2,237,0.004108791996259242,1070858240,0.1328125
cifar10,ssb-v2,0.3,2,2,238,0.004059917002450675,1070858240,0.09375
cifar10,ssb-v2,0.3,2,2,239,0.00413654200383462,1070858240,0.1015625
cifar10,ssb-v2,0.3,2,2,240,0.004540207999525592,1070858240,0.1015625
cifar10,ssb-v2,0.3,2,2,241,0.00411954200535547,1070858240,0.1328125
cifar10,ssb-v2,0.3,2,2,242,0.004208750004181638,1070874624,0.09375
cifar10,ssb-v2,0.3,2,2,243,0.004174333007540554,1070891008,0.2109375
cifar10,ssb-v2,0.3,2,2,244,0.010981624989653938,1071857664,0.1015625
cifar10,ssb-v2,0.3,2,2,245,0.004098625009646639,1072087040,0.1328125
cifar10,ssb-v2,0.3,2,2,246,0.004254250001395121,1072332800,0.1640625
cifar10,ssb-v2,0.3,2,2,247,0.0041340830066474155,1072332800,0.109375
cifar10,ssb-v2,0.3,2,2,248,0.004368958005215973,1072349184,0.1484375
cifar10,ssb-v2,0.3,2,2,249,0.004104541993001476,1072349184,0.0703125
cifar10,ssb-v2,0.3,2,2,250,0.004555874998914078,1072349184,0.0703125
cifar10,ssb-v2,0.3,2,2,251,0.0047639160038670525,1072349184,0.0859375
cifar10,ssb-v2,0.3,2,2,252,0.004834082996239886,1072349184,0.0859375
cifar10,ssb-v2,0.3,2,2,253,0.0040962499915622175,1072594944,0.1640625
cifar10,ssb-v2,0.3,2,2,254,0.004129042004933581,1072594944,0.15625
cifar10,ssb-v2,0.3,2,2,255,0.004076540993992239,1072594944,0.1484375
cifar10,ssb-v2,0.3,2,2,256,0.004334750003181398,1069776896,0.171875
cifar10,ssb-v2,0.3,2,2,257,0.004108875000383705,1069776896,0.1640625
cifar10,ssb-v2,0.3,2,2,258,0.011013916999218054,1070465024,0.1484375
cifar10,ssb-v2,0.3,2,2,259,0.004284124996047467,1070759936,0.1015625
cifar10,ssb-v2,0.3,2,2,260,0.004228332996717654,1065877504,0.1015625
cifar10,ssb-v2,0.3,2,2,261,0.004010208998806775,1057325056,0.1328125
cifar10,ssb-v2,0.3,2,2,262,0.004282666996004991,1057325056,0.203125
cifar10,ssb-v2,0.3,2,2,263,0.0047845420049270615,1057325056,0.1875
cifar10,ssb-v2,0.3,2,2,264,0.00524533299903851,1057325056,0.1484375
cifar10,ssb-v2,0.3,2,2,265,0.004758583992952481,1057325056,0.1484375
cifar10,ssb-v2,0.3,2,2,266,0.004265790994395502,1057325056,0.125
cifar10,ssb-v2,0.3,2,2,267,0.011549999995622784,1058160640,0.140625
cifar10,ssb-v2,0.3,2,2,268,0.004215416993247345,1058160640,0.1328125
cifar10,ssb-v2,0.3,2,2,269,0.004192292006337084,1058455552,0.0859375
cifar10,ssb-v2,0.3,2,2,270,0.004613249999238178,1058471936,0.1328125
cifar10,ssb-v2,0.3,2,2,271,0.00410566599748563,1058471936,0.1328125
cifar10,ssb-v2,0.3,2,2,272,0.004055540994158946,1058930688,0.125
cifar10,ssb-v2,0.3,2,2,273,0.004992457994376309,1058930688,0.15625
cifar10,ssb-v2,0.3,2,2,274,0.004560374989523552,1058930688,0.1640625
cifar10,ssb-v2,0.3,2,2,275,0.003960500005632639,1058930688,0.1640625
cifar10,ssb-v2,0.3,2,2,276,0.004035334000946023,1058930688,0.1796875
cifar10,ssb-v2,0.3,2,2,277,0.004054917008033954,1058930688,0.1640625
cifar10,ssb-v2,0.3,2,2,278,0.004478125003515743,1058930688,0.171875
cifar10,ssb-v2,0.3,2,2,279,0.004348542002844624,1058930688,0.109375
cifar10,ssb-v2,0.3,2,2,280,0.0040940830076579005,1058930688,0.09375
cifar10,ssb-v2,0.3,2,2,281,0.004120249999687076,1058930688,0.140625
cifar10,ssb-v2,0.3,2,2,282,0.0040647909918334335,1058930688,0.1640625
cifar10,ssb-v2,0.3,2,2,283,0.004057917001773603,1058930688,0.1796875
cifar10,ssb-v2,0.3,2,2,284,0.004037708000396378,1055801344,0.0703125
cifar10,ssb-v2,0.3,2,2,285,0.003967584008933045,1055801344,0.1484375
cifar10,ssb-v2,0.3,2,2,286,0.0041581249970477074,1055801344,0.0625
cifar10,ssb-v2,0.3,2,2,287,0.004100375008420087,1055801344,0.0703125
cifar10,ssb-v2,0.3,2,2,288,0.004273790997103788,1055801344,0.1640625
cifar10,ssb-v2,0.3,2,2,289,0.004074042008141987,1055801344,0.1171875
cifar10,ssb-v2,0.3,2,2,290,0.004216749992338009,1055801344,0.15625
cifar10,ssb-v2,0.3,2,2,291,0.004325875008362345,1055801344,0.140625
cifar10,ssb-v2,0.3,2,2,292,0.004156082999543287,1055801344,0.1640625
cifar10,ssb-v2,0.3,2,2,293,0.004031541990116239,1055801344,0.1640625
cifar10,ssb-v2,0.3,2,2,294,0.004335290999733843,1034240000,0.1171875
cifar10,ssb-v2,0.3,2,2,295,0.004165958001976833,1020968960,0.109375
cifar10,ssb-v2,0.3,2,2,296,0.004143541009398177,1016643584,0.171875
cifar10,ssb-v2,0.3,2,2,297,0.004116500000236556,1016643584,0.1796875
cifar10,ssb-v2,0.3,2,2,298,0.011016959004336968,1017561088,0.15625
cifar10,ssb-v2,0.3,2,2,299,0.003990625002188608,1017806848,0.1640625
cifar10,ssb-v2,0.3,2,2,300,0.004057999991346151,1017806848,0.125
cifar10,ssb-v2,0.3,2,2,301,0.004051708005135879,1017806848,0.15625
cifar10,ssb-v2,0.3,2,2,302,0.00435745800496079,1018298368,0.140625
cifar10,ssb-v2,0.3,2,2,303,0.004025791000458412,1018314752,0.1171875
cifar10,ssb-v2,0.3,2,2,304,0.004510792001383379,1018314752,0.2109375
cifar10,ssb-v2,0.3,2,2,305,0.0047197500098263845,1018314752,0.1015625
cifar10,ssb-v2,0.3,2,2,306,0.004504625001573004,1018314752,0.09375
cifar10,ssb-v2,0.3,2,2,307,0.004605916008586064,1018314752,0.1875
cifar10,ssb-v2,0.3,2,2,308,0.0042533329979050905,1018314752,0.2578125
cifar10,ssb-v2,0.3,2,2,309,0.004544458002783358,1018314752,0.1875
cifar10,ssb-v2,0.3,2,2,310,0.00408400000014808,1018331136,0.1328125
cifar10,ssb-v2,0.3,2,2,311,0.004129458000534214,1018331136,0.1015625
cifar10,ssb-v2,0.3,2,2,312,0.0041574169881641865,1018331136,0.2109375
cifar10,ssb-v2,0.3,2,2,313,0.003959790992666967,1018331136,0.203125
cifar10,ssb-v2,0.3,2,2,314,0.004454790992895141,1018331136,0.1640625
cifar10,ssb-v2,0.3,2,2,315,0.004130666988203302,1018331136,0.140625
cifar10,ssb-v2,0.3,2,2,316,0.004303540990804322,1018593280,0.171875
cifar10,ssb-v2,0.3,2,2,317,0.004181291995337233,1018593280,0.21875
cifar10,ssb-v2,0.3,2,2,318,0.004153624991886318,1018593280,0.15625
cifar10,ssb-v2,0.3,2,2,319,0.0041109169978881255,1018609664,0.1875
cifar10,ssb-v2,0.3,2,2,320,0.005309500003932044,1018609664,0.1875
cifar10,ssb-v2,0.3,2,2,321,0.006607417002669536,1018626048,0.125
cifar10,ssb-v2,0.3,2,2,322,0.004764209006680176,1018642432,0.1171875
cifar10,ssb-v2,0.3,2,2,323,0.00446774999727495,1018642432,0.0703125
cifar10,ssb-v2,0.3,2,2,324,0.004248166995239444,1018642432,0.0625
cifar10,ssb-v2,0.3,2,2,325,0.004178582996246405,1018658816,0.1171875
cifar10,ssb-v2,0.3,2,2,326,0.004473791996133514,1018658816,0.09375
cifar10,ssb-v2,0.3,2,2,327,0.004107875007321127,1018675200,0.09375
cifar10,ssb-v2,0.3,2,2,328,0.004352749994723126,1018675200,0.078125
cifar10,ssb-v2,0.3,2,2,329,0.004335249992436729,1018675200,0.09375
cifar10,ssb-v2,0.3,2,2,330,0.004257041000528261,1018675200,0.1484375
cifar10,ssb-v2,0.3,2,2,331,0.004075749995536171,1018675200,0.171875
cifar10,ssb-v2,0.3,2,2,332,0.004144291000557132,1018675200,0.1484375
cifar10,ssb-v2,0.3,2,2,333,0.004073875010362826,1018675200,0.171875
cifar10,ssb-v2,0.3,2,2,334,0.004193374988972209,1018675200,0.140625
cifar10,ssb-v2,0.3,2,2,335,0.00456516700796783,1018675200,0.125
cifar10,ssb-v2,0.3,2,2,336,0.004755083005875349,1018675200,0.203125
cifar10,ssb-v2,0.3,2,2,337,0.004062207997776568,1018675200,0.140625
cifar10,ssb-v2,0.3,2,2,338,0.004065959001309238,1018675200,0.1484375
cifar10,ssb-v2,0.3,2,2,339,0.01081987499492243,1019592704,0.1484375
cifar10,ssb-v2,0.3,2,2,340,0.004295374994399026,1019592704,0.171875
cifar10,ssb-v2,0.3,2,2,341,0.004127665990381502,1020018688,0.140625
cifar10,ssb-v2,0.3,2,2,342,0.004115000003366731,1020018688,0.1328125
cifar10,ssb-v2,0.3,2,2,343,0.004046583009767346,1020329984,0.1796875
cifar10,ssb-v2,0.3,2,2,344,0.004163332996540703,1020329984,0.1328125
cifar10,ssb-v2,0.3,2,2,345,0.004460583993932232,1020329984,0.1484375
cifar10,ssb-v2,0.3,2,2,346,0.004884457986918278,1020329984,0.1328125
cifar10,ssb-v2,0.3,2,2,347,0.0043342919962015,1020329984,0.140625
cifar10,ssb-v2,0.3,2,2,348,0.0041737080027814955,1020329984,0.1328125
cifar10,ssb-v2,0.3,2,2,349,0.003916125002433546,1020329984,0.1171875
cifar10,ssb-v2,0.3,2,2,350,0.004141833007452078,1020329984,0.1015625
cifar10,ssb-v2,0.3,2,2,351,0.0040385839965892956,1020346368,0.15625
cifar10,ssb-v2,0.3,2,2,352,0.004000707995146513,1020346368,0.1484375
cifar10,ssb-v2,0.3,2,2,353,0.004411624991917051,1020346368,0.09375
cifar10,ssb-v2,0.3,2,2,354,0.004792833002284169,1020346368,0.21875
cifar10,ssb-v2,0.3,2,2,355,0.004041083011543378,1020346368,0.171875
cifar10,ssb-v2,0.3,2,2,356,0.004338750004535541,1020346368,0.171875
cifar10,ssb-v2,0.3,2,2,357,0.004088959001819603,1020346368,0.1328125
cifar10,ssb-v2,0.3,2,2,358,0.004090083995833993,1020346368,0.1640625
cifar10,ssb-v2,0.3,2,2,359,0.004083334002643824,1020346368,0.15625
cifar10,ssb-v2,0.3,2,2,360,0.0040863329923013225,1020346368,0.1015625
cifar10,ssb-v2,0.3,2,2,361,0.004273833008483052,1020346368,0.140625
cifar10,ssb-v2,0.3,2,2,362,0.004279041997506283,1020346368,0.171875
cifar10,ssb-v2,0.3,2,2,363,0.004328416995122097,1020346368,0.15625
cifar10,ssb-v2,0.3,2,2,364,0.004251791993738152,1020346368,0.203125
cifar10,ssb-v2,0.3,2,2,365,0.004230042002745904,1020346368,0.2109375
cifar10,ssb-v2,0.3,2,2,366,0.004131708003114909,1020346368,0.0625
cifar10,ssb-v2,0.3,2,2,367,0.004133958995225839,1020346368,0.1171875
cifar10,ssb-v2,0.3,2,2,368,0.004106499996851198,1020346368,0.1171875
cifar10,ssb-v2,0.3,2,2,369,0.004073417003382929,1020346368,0.1015625
cifar10,ssb-v2,0.3,2,2,370,0.004335417004767805,1020346368,0.1015625
cifar10,ssb-v2,0.3,2,2,371,0.004028833005577326,1020346368,0.1015625
cifar10,ssb-v2,0.3,2,2,372,0.004424291997565888,1020346368,0.1171875
cifar10,ssb-v2,0.3,2,2,373,0.003996375002316199,1020362752,0.109375
cifar10,ssb-v2,0.3,2,2,374,0.004164917001617141,1020362752,0.1171875
cifar10,ssb-v2,0.3,2,2,375,0.004081166989635676,1020362752,0.21875
cifar10,ssb-v2,0.3,2,2,376,0.004071791001479141,1020362752,0.1171875
cifar10,ssb-v2,0.3,2,2,377,0.003949125006329268,1020362752,0.109375
cifar10,ssb-v2,0.3,2,2,378,0.004134167000302114,1020395520,0.0859375
cifar10,ssb-v2,0.3,2,2,379,0.004008875010185875,1020395520,0.078125
cifar10,ssb-v2,0.3,2,2,380,0.004138499993132427,1020395520,0.09375
cifar10,ssb-v2,0.3,2,2,381,0.004522375005763024,1020395520,0.1015625
cifar10,ssb-v2,0.3,2,2,382,0.004406374995596707,1020395520,0.0546875
cifar10,ssb-v2,0.3,2,2,383,0.004594541009282693,1020395520,0.078125
cifar10,ssb-v2,0.3,2,2,384,0.004106124993995763,1020395520,0.09375
cifar10,ssb-v2,0.3,2,2,385,0.004132583999307826,1020395520,0.1328125
cifar10,ssb-v2,0.3,2,2,386,0.004256416010321118,1020395520,0.171875
cifar10,ssb-v2,0.3,2,2,387,0.003908792001311667,1020395520,0.1171875
cifar10,ssb-v2,0.3,2,2,388,0.004182042001048103,1020395520,0.203125
cifar10,ssb-v2,0.3,2,2,389,0.004095374999451451,1020395520,0.078125
cifar10,ssb-v2,0.3,2,2,390,0.02423133299453184,1025638400,0.15
cifar10,ssb-v2,0.3,2,3,0,0.004369290996692143,1027899392,0.1484375
cifar10,ssb-v2,0.3,2,3,1,0.00563299999339506,997916672,0.2109375
cifar10,ssb-v2,0.3,2,3,2,0.0044074159959563985,984809472,0.1015625
cifar10,ssb-v2,0.3,2,3,3,0.004192334003164433,984809472,0.1796875
cifar10,ssb-v2,0.3,2,3,4,0.004374040989205241,984809472,0.15625
cifar10,ssb-v2,0.3,2,3,5,0.003943290997995064,984809472,0.140625
cifar10,ssb-v2,0.3,2,3,6,0.004307083989260718,984809472,0.1015625
cifar10,ssb-v2,0.3,2,3,7,0.004152334004174918,984825856,0.171875
cifar10,ssb-v2,0.3,2,3,8,0.004351333991508,984825856,0.1640625
cifar10,ssb-v2,0.3,2,3,9,0.004658207995817065,984825856,0.1875
cifar10,ssb-v2,0.3,2,3,10,0.004265042007318698,985268224,0.125
cifar10,ssb-v2,0.3,2,3,11,0.004168165993178263,985268224,0.1953125
cifar10,ssb-v2,0.3,2,3,12,0.004250709011103027,985268224,0.203125
cifar10,ssb-v2,0.3,2,3,13,0.004144332997384481,985268224,0.234375
cifar10,ssb-v2,0.3,2,3,14,0.004173166991677135,985268224,0.1796875
cifar10,ssb-v2,0.3,2,3,15,0.0042110409995075315,985743360,0.171875
cifar10,ssb-v2,0.3,2,3,16,0.004148167005041614,985743360,0.1640625
cifar10,ssb-v2,0.3,2,3,17,0.004077749996213242,985743360,0.125
cifar10,ssb-v2,0.3,2,3,18,0.0042388750007376075,985743360,0.1484375
cifar10,ssb-v2,0.3,2,3,19,0.004147749990806915,985743360,0.0859375
cifar10,ssb-v2,0.3,2,3,20,0.00427616699016653,985759744,0.09375
cifar10,ssb-v2,0.3,2,3,21,0.00407033298688475,985759744,0.1328125
cifar10,ssb-v2,0.3,2,3,22,0.004361375002190471,985759744,0.1484375
cifar10,ssb-v2,0.3,2,3,23,0.00413170900719706,985759744,0.1171875
cifar10,ssb-v2,0.3,2,3,24,0.0041661669965833426,985759744,0.15625
cifar10,ssb-v2,0.3,2,3,25,0.0041501669911667705,985759744,0.1796875
cifar10,ssb-v2,0.3,2,3,26,0.004314374993555248,985759744,0.1015625
cifar10,ssb-v2,0.3,2,3,27,0.003880333009874448,985759744,0.0859375
cifar10,ssb-v2,0.3,2,3,28,0.004370291993836872,985759744,0.125
cifar10,ssb-v2,0.3,2,3,29,0.011063665995607153,986611712,0.0859375
cifar10,ssb-v2,0.3,2,3,30,0.00414699999964796,986611712,0.0859375
cifar10,ssb-v2,0.3,2,3,31,0.004298708008718677,986611712,0.1796875
cifar10,ssb-v2,0.3,2,3,32,0.004166958009591326,986628096,0.1015625
cifar10,ssb-v2,0.3,2,3,33,0.00443279099999927,986628096,0.1328125
cifar10,ssb-v2,0.3,2,3,34,0.004352666001068428,987070464,0.1796875
cifar10,ssb-v2,0.3,2,3,35,0.0046098750026430935,987070464,0.15625
cifar10,ssb-v2,0.3,2,3,36,0.004181166994385421,987070464,0.15625
cifar10,ssb-v2,0.3,2,3,37,0.004178332994342782,987070464,0.1640625
cifar10,ssb-v2,0.3,2,3,38,0.004312709002988413,987070464,0.15625
cifar10,ssb-v2,0.3,2,3,39,0.004265084004146047,987086848,0.15625
cifar10,ssb-v2,0.3,2,3,40,0.0044093749893363565,987086848,0.234375
cifar10,ssb-v2,0.3,2,3,41,0.00406999999540858,987365376,0.1328125
cifar10,ssb-v2,0.3,2,3,42,0.004266834002919495,987365376,0.140625
cifar10,ssb-v2,0.3,2,3,43,0.004368624999187887,987381760,0.1953125
cifar10,ssb-v2,0.3,2,3,44,0.0041847500106086954,987381760,0.1328125
cifar10,ssb-v2,0.3,2,3,45,0.00416441701236181,987381760,0.109375
cifar10,ssb-v2,0.3,2,3,46,0.004126042011193931,987381760,0.109375
cifar10,ssb-v2,0.3,2,3,47,0.004274708990124054,987381760,0.1015625
cifar10,ssb-v2,0.3,2,3,48,0.004263124996214174,987398144,0.1796875
cifar10,ssb-v2,0.3,2,3,49,0.004145541999605484,987398144,0.1328125
cifar10,ssb-v2,0.3,2,3,50,0.004297084000427276,987398144,0.1484375
cifar10,ssb-v2,0.3,2,3,51,0.004547750009805895,987398144,0.078125
cifar10,ssb-v2,0.3,2,3,52,0.004216665998683311,987398144,0.109375
cifar10,ssb-v2,0.3,2,3,53,0.004137665993766859,987398144,0.078125
cifar10,ssb-v2,0.3,2,3,54,0.004601584005285986,987398144,0.125
cifar10,ssb-v2,0.3,2,3,55,0.0050165419961558655,987398144,0.125
cifar10,ssb-v2,0.3,2,3,56,0.0057272500125691295,987398144,0.1171875
cifar10,ssb-v2,0.3,2,3,57,0.006498334012576379,987398144,0.109375
cifar10,ssb-v2,0.3,2,3,58,0.006746333005139604,987398144,0.1796875
cifar10,ssb-v2,0.3,2,3,59,0.006685458996798843,987987968,0.15625
cifar10,ssb-v2,0.3,2,3,60,0.006337832994177006,987987968,0.1171875
cifar10,ssb-v2,0.3,2,3,61,0.0048207499930867925,987987968,0.125
cifar10,ssb-v2,0.3,2,3,62,0.004140208999160677,987987968,0.1015625
cifar10,ssb-v2,0.3,2,3,63,0.004170250002061948,987987968,0.140625
cifar10,ssb-v2,0.3,2,3,64,0.0041984999988926575,987987968,0.1328125
cifar10,ssb-v2,0.3,2,3,65,0.004084874992258847,987987968,0.109375
cifar10,ssb-v2,0.3,2,3,66,0.004249292003805749,987987968,0.109375
cifar10,ssb-v2,0.3,2,3,67,0.004108000008272938,987987968,0.078125
cifar10,ssb-v2,0.3,2,3,68,0.0045125409960746765,987987968,0.0703125
cifar10,ssb-v2,0.3,2,3,69,0.0041304580081487074,987987968,0.1484375
cifar10,ssb-v2,0.3,2,3,70,0.004291000004741363,987987968,0.1171875
cifar10,ssb-v2,0.3,2,3,71,0.004258040993590839,987987968,0.2109375
cifar10,ssb-v2,0.3,2,3,72,0.004187915998045355,987987968,0.0859375
cifar10,ssb-v2,0.3,2,3,73,0.004190167004708201,987987968,0.0703125
cifar10,ssb-v2,0.3,2,3,74,0.004175458001554944,987987968,0.109375
cifar10,ssb-v2,0.3,2,3,75,0.0041554590134182945,987987968,0.078125
cifar10,ssb-v2,0.3,2,3,76,0.004084040992893279,987987968,0.125
cifar10,ssb-v2,0.3,2,3,77,0.01114212500397116,988954624,0.21875
cifar10,ssb-v2,0.3,2,3,78,0.004276958992704749,989216768,0.171875
cifar10,ssb-v2,0.3,2,3,79,0.004109957997570746,989691904,0.1171875
cifar10,ssb-v2,0.3,2,3,80,0.004152458001044579,989691904,0.09375
cifar10,ssb-v2,0.3,2,3,81,0.004127666994463652,989691904,0.1171875
cifar10,ssb-v2,0.3,2,3,82,0.00406829098938033,989691904,0.15625
cifar10,ssb-v2,0.3,2,3,83,0.004318624996813014,989691904,0.125
cifar10,ssb-v2,0.3,2,3,84,0.004568667005514726,989691904,0.140625
cifar10,ssb-v2,0.3,2,3,85,0.004787458005012013,990330880,0.0859375
cifar10,ssb-v2,0.3,2,3,86,0.0042580830049701035,990330880,0.1015625
cifar10,ssb-v2,0.3,2,3,87,0.004150833003222942,990330880,0.140625
cifar10,ssb-v2,0.3,2,3,88,0.0041790410032263026,990330880,0.1484375
cifar10,ssb-v2,0.3,2,3,89,0.00406174999079667,990330880,0.1015625
cifar10,ssb-v2,0.3,2,3,90,0.004259332999936305,990330880,0.140625
cifar10,ssb-v2,0.3,2,3,91,0.003984708993812092,990330880,0.1328125
cifar10,ssb-v2,0.3,2,3,92,0.004182167001999915,990330880,0.0859375
cifar10,ssb-v2,0.3,2,3,93,0.0042329160060035065,990330880,0.1171875
cifar10,ssb-v2,0.3,2,3,94,0.004455083995708264,990330880,0.1015625
cifar10,ssb-v2,0.3,2,3,95,0.004178374991170131,990330880,0.078125
cifar10,ssb-v2,0.3,2,3,96,0.004044041997985914,990330880,0.1953125
cifar10,ssb-v2,0.3,2,3,97,0.0047588749876013026,990330880,0.0859375
cifar10,ssb-v2,0.3,2,3,98,0.004219416005071253,990330880,0.1484375
cifar10,ssb-v2,0.3,2,3,99,0.004079000005731359,990330880,0.1171875
cifar10,ssb-v2,0.3,2,3,100,0.0041746659990167245,990330880,0.1328125
cifar10,ssb-v2,0.3,2,3,101,0.004236374996253289,990330880,0.078125
cifar10,ssb-v2,0.3,2,3,102,0.004026415990665555,990330880,0.1171875
cifar10,ssb-v2,0.3,2,3,103,0.004156124996370636,990330880,0.1015625
cifar10,ssb-v2,0.3,2,3,104,0.004085458989720792,990330880,0.1875
cifar10,ssb-v2,0.3,2,3,105,0.004087499997694977,990461952,0.1328125
cifar10,ssb-v2,0.3,2,3,106,0.004301166991353966,990461952,0.1875
cifar10,ssb-v2,0.3,2,3,107,0.003998750005848706,990461952,0.1171875
cifar10,ssb-v2,0.3,2,3,108,0.01207633299054578,991297536,0.109375
cifar10,ssb-v2,0.3,2,3,109,0.004148334002820775,991576064,0.09375
cifar10,ssb-v2,0.3,2,3,110,0.004172916000243276,991985664,0.1328125
cifar10,ssb-v2,0.3,2,3,111,0.004420458993990906,991985664,0.1953125
cifar10,ssb-v2,0.3,2,3,112,0.004158540992648341,991985664,0.1484375
cifar10,ssb-v2,0.3,2,3,113,0.010655999998562038,992722944,0.15625
cifar10,ssb-v2,0.3,2,3,114,0.00411691699991934,992722944,0.078125
cifar10,ssb-v2,0.3,2,3,115,0.004110291993129067,992722944,0.0859375
cifar10,ssb-v2,0.3,2,3,116,0.004328916998929344,992722944,0.0625
cifar10,ssb-v2,0.3,2,3,117,0.0041009580017998815,992722944,0.0859375
cifar10,ssb-v2,0.3,2,3,118,0.0041326249920530245,992722944,0.09375
cifar10,ssb-v2,0.3,2,3,119,0.004629791990737431,993165312,0.1171875
cifar10,ssb-v2,0.3,2,3,120,0.0053368749941000715,993443840,0.0703125
cifar10,ssb-v2,0.3,2,3,121,0.004995791998226196,993443840,0.140625
cifar10,ssb-v2,0.3,2,3,122,0.004224874995998107,993443840,0.171875
cifar10,ssb-v2,0.3,2,3,123,0.004091916998731904,993443840,0.109375
cifar10,ssb-v2,0.3,2,3,124,0.004218583999318071,993460224,0.1640625
cifar10,ssb-v2,0.3,2,3,125,0.00408962499932386,993460224,0.171875
cifar10,ssb-v2,0.3,2,3,126,0.004390917005366646,993460224,0.15625
cifar10,ssb-v2,0.3,2,3,127,0.004092749994015321,993460224,0.1484375
cifar10,ssb-v2,0.3,2,3,128,0.004519416994298808,993460224,0.078125
cifar10,ssb-v2,0.3,2,3,129,0.004848666998441331,993460224,0.109375
cifar10,ssb-v2,0.3,2,3,130,0.004065458007971756,993460224,0.140625
cifar10,ssb-v2,0.3,2,3,131,0.004248750003171153,993460224,0.125
cifar10,ssb-v2,0.3,2,3,132,0.004123000006075017,993460224,0.125
cifar10,ssb-v2,0.3,2,3,133,0.004229832993587479,993460224,0.1484375
cifar10,ssb-v2,0.3,2,3,134,0.003995541992480867,993460224,0.109375
cifar10,ssb-v2,0.3,2,3,135,0.003935957996873185,993460224,0.1640625
cifar10,ssb-v2,0.3,2,3,136,0.004685749998316169,993476608,0.140625
cifar10,ssb-v2,0.3,2,3,137,0.004150791995925829,993476608,0.1328125
cifar10,ssb-v2,0.3,2,3,138,0.004148209001868963,993476608,0.1328125
cifar10,ssb-v2,0.3,2,3,139,0.004223374999128282,993476608,0.0625
cifar10,ssb-v2,0.3,2,3,140,0.0040989589906530455,993492992,0.0859375
cifar10,ssb-v2,0.3,2,3,141,0.004133541995543055,993492992,0.1328125
cifar10,ssb-v2,0.3,2,3,142,0.004139374999795109,993492992,0.1875
cifar10,ssb-v2,0.3,2,3,143,0.0041007920081028715,993492992,0.1484375
cifar10,ssb-v2,0.3,2,3,144,0.0041225419990951195,993492992,0.1875
cifar10,ssb-v2,0.3,2,3,145,0.004618833001586609,993492992,0.1171875
cifar10,ssb-v2,0.3,2,3,146,0.004090667003765702,993492992,0.140625
cifar10,ssb-v2,0.3,2,3,147,0.00412008399143815,993492992,0.125
cifar10,ssb-v2,0.3,2,3,148,0.0040829170029610395,993492992,0.0625
cifar10,ssb-v2,0.3,2,3,149,0.004026041002362035,993492992,0.0625
cifar10,ssb-v2,0.3,2,3,150,0.004143792000832036,993492992,0.1328125
cifar10,ssb-v2,0.3,2,3,151,0.004175624999334104,993492992,0.109375
cifar10,ssb-v2,0.3,2,3,152,0.004155499991611578,993492992,0.1640625
cifar10,ssb-v2,0.3,2,3,153,0.004134457994950935,993492992,0.1328125
cifar10,ssb-v2,0.3,2,3,154,0.004014541002106853,993492992,0.1484375
cifar10,ssb-v2,0.3,2,3,155,0.0039819160010665655,993492992,0.1328125
cifar10,ssb-v2,0.3,2,3,156,0.004075374992680736,993492992,0.1328125
cifar10,ssb-v2,0.3,2,3,157,0.004024250010843389,993492992,0.1484375
cifar10,ssb-v2,0.3,2,3,158,0.004092584000318311,993492992,0.1328125
cifar10,ssb-v2,0.3,2,3,159,0.003994084006990306,993492992,0.1640625
cifar10,ssb-v2,0.3,2,3,160,0.004062082996824756,993492992,0.125
cifar10,ssb-v2,0.3,2,3,161,0.004038667000713758,993492992,0.15625
cifar10,ssb-v2,0.3,2,3,162,0.004014375008409843,993492992,0.15625
cifar10,ssb-v2,0.3,2,3,163,0.004369292000774294,993492992,0.1640625
cifar10,ssb-v2,0.3,2,3,164,0.00433391600381583,993492992,0.0703125
cifar10,ssb-v2,0.3,2,3,165,0.011222124987398274,994459648,0.1484375
cifar10,ssb-v2,0.3,2,3,166,0.0040474580018781126,994459648,0.140625
cifar10,ssb-v2,0.3,2,3,167,0.004046874993946403,994459648,0.1640625
cifar10,ssb-v2,0.3,2,3,168,0.004292458004783839,994869248,0.140625
cifar10,ssb-v2,0.3,2,3,169,0.00411204100237228,994869248,0.171875
cifar10,ssb-v2,0.3,2,3,170,0.004039125007693656,995180544,0.15625
cifar10,ssb-v2,0.3,2,3,171,0.0038995000068098307,995180544,0.15625
cifar10,ssb-v2,0.3,2,3,172,0.004054292003274895,995196928,0.109375
cifar10,ssb-v2,0.3,2,3,173,0.004019333005999215,995196928,0.1640625
cifar10,ssb-v2,0.3,2,3,174,0.004094000003533438,997130240,0.0859375
cifar10,ssb-v2,0.3,2,3,175,0.0046322499983944,997130240,0.15625
cifar10,ssb-v2,0.3,2,3,176,0.0049177089967997745,997130240,0.1484375
cifar10,ssb-v2,0.3,2,3,177,0.005959332993370481,997130240,0.15625
cifar10,ssb-v2,0.3,2,3,178,0.004527542012510821,997130240,0.078125
cifar10,ssb-v2,0.3,2,3,179,0.004024499998195097,997130240,0.0859375
cifar10,ssb-v2,0.3,2,3,180,0.004094417003216222,997130240,0.0625
cifar10,ssb-v2,0.3,2,3,181,0.004048208007588983,997130240,0.125
cifar10,ssb-v2,0.3,2,3,182,0.004093665993423201,997130240,0.1484375
cifar10,ssb-v2,0.3,2,3,183,0.004007374998764135,997130240,0.109375
cifar10,ssb-v2,0.3,2,3,184,0.0040505000069970265,997130240,0.21875
cifar10,ssb-v2,0.3,2,3,185,0.004049167007906362,997130240,0.203125
cifar10,ssb-v2,0.3,2,3,186,0.0041657919937279075,997130240,0.1953125
cifar10,ssb-v2,0.3,2,3,187,0.004568374992231838,997130240,0.171875
cifar10,ssb-v2,0.3,2,3,188,0.004705832994659431,997130240,0.1953125
cifar10,ssb-v2,0.3,2,3,189,0.003993417005403899,997130240,0.1015625
cifar10,ssb-v2,0.3,2,3,190,0.003993209000327624,997130240,0.125
cifar10,ssb-v2,0.3,2,3,191,0.004069125003297813,997130240,0.1484375
cifar10,ssb-v2,0.3,2,3,192,0.004017416998976842,997130240,0.1171875
cifar10,ssb-v2,0.3,2,3,193,0.003922333009541035,997130240,0.1015625
cifar10,ssb-v2,0.3,2,3,194,0.004024541995022446,997130240,0.125
cifar10,ssb-v2,0.3,2,3,195,0.004058792008436285,997130240,0.1640625
cifar10,ssb-v2,0.3,2,3,196,0.003976166000938974,997130240,0.25
cifar10,ssb-v2,0.3,2,3,197,0.003961958005675115,997130240,0.1171875
cifar10,ssb-v2,0.3,2,3,198,0.004038708997541107,997130240,0.171875
cifar10,ssb-v2,0.3,2,3,199,0.0037681249959859997,997130240,0.1171875
cifar10,ssb-v2,0.3,2,3,200,0.004078333004144952,997130240,0.125
cifar10,ssb-v2,0.3,2,3,201,0.004077749996213242,997130240,0.09375
cifar10,ssb-v2,0.3,2,3,202,0.004380208003567532,997130240,0.1171875
cifar10,ssb-v2,0.3,2,3,203,0.0041653749940451235,997130240,0.078125
cifar10,ssb-v2,0.3,2,3,204,0.005191292002564296,997130240,0.109375
cifar10,ssb-v2,0.3,2,3,205,0.004037457998492755,997130240,0.09375
cifar10,ssb-v2,0.3,2,3,206,0.003967709009884857,997130240,0.1953125
cifar10,ssb-v2,0.3,2,3,207,0.004051625001011416,997130240,0.203125
cifar10,ssb-v2,0.3,2,3,208,0.0038709170039510354,997130240,0.1953125
cifar10,ssb-v2,0.3,2,3,209,0.003916957997716963,997130240,0.1953125
cifar10,ssb-v2,0.3,2,3,210,0.004056374993524514,997130240,0.15625
cifar10,ssb-v2,0.3,2,3,211,0.004025415997602977,997130240,0.1953125
cifar10,ssb-v2,0.3,2,3,212,0.0044340410095173866,997130240,0.125
cifar10,ssb-v2,0.3,2,3,213,0.004123666003579274,997130240,0.1875
cifar10,ssb-v2,0.3,2,3,214,0.004114958006539382,997130240,0.15625
cifar10,ssb-v2,0.3,2,3,215,0.011386416997993365,997933056,0.1171875
cifar10,ssb-v2,0.3,2,3,216,0.004228999998304062,997933056,0.1796875
cifar10,ssb-v2,0.3,2,3,217,0.00413187500089407,997933056,0.1328125
cifar10,ssb-v2,0.3,2,3,218,0.004050582996569574,998064128,0.125
cifar10,ssb-v2,0.3,2,3,219,0.003946917000575922,998064128,0.1875
cifar10,ssb-v2,0.3,2,3,220,0.011132458006613888,998883328,0.1328125
cifar10,ssb-v2,0.3,2,3,221,0.003997000007075258,998883328,0.140625
cifar10,ssb-v2,0.3,2,3,222,0.00418329201056622,998883328,0.09375
cifar10,ssb-v2,0.3,2,3,223,0.004020332999061793,998883328,0.1015625
cifar10,ssb-v2,0.3,2,3,224,0.004065417000674643,998883328,0.1640625
cifar10,ssb-v2,0.3,2,3,225,0.0038887910050107166,999309312,0.125
cifar10,ssb-v2,0.3,2,3,226,0.004054000004543923,999309312,0.1640625
cifar10,ssb-v2,0.3,2,3,227,0.004081000006408431,999325696,0.15625
cifar10,ssb-v2,0.3,2,3,228,0.0045234170102048665,999325696,0.1953125
cifar10,ssb-v2,0.3,2,3,229,0.004575583006953821,999325696,0.09375
cifar10,ssb-v2,0.3,2,3,230,0.005499292004969902,999325696,0.125
cifar10,ssb-v2,0.3,2,3,231,0.004547582997474819,999325696,0.125
cifar10,ssb-v2,0.3,2,3,232,0.004098249992239289,999325696,0.1796875
cifar10,ssb-v2,0.3,2,3,233,0.01152508299855981,1000505344,0.171875
cifar10,ssb-v2,0.3,2,3,234,0.004032957993331365,1000505344,0.2109375
cifar10,ssb-v2,0.3,2,3,235,0.004002792004030198,1000505344,0.1953125
cifar10,ssb-v2,0.3,2,3,236,0.004178874994977377,1000849408,0.1875
cifar10,ssb-v2,0.3,2,3,237,0.004063083993969485,1000849408,0.0390625
cifar10,ssb-v2,0.3,2,3,238,0.00403970800107345,1000849408,0.171875
cifar10,ssb-v2,0.3,2,3,239,0.004096625008969568,1000849408,0.1640625
cifar10,ssb-v2,0.3,2,3,240,0.004083207997609861,1000849408,0.1328125
cifar10,ssb-v2,0.3,2,3,241,0.00408062498900108,1000849408,0.15625
cifar10,ssb-v2,0.3,2,3,242,0.004482125004869886,1000849408,0.203125
cifar10,ssb-v2,0.3,2,3,243,0.004485415993258357,1001242624,0.125
cifar10,ssb-v2,0.3,2,3,244,0.004470291009056382,1001242624,0.140625
cifar10,ssb-v2,0.3,2,3,245,0.005729500000597909,1001242624,0.140625
cifar10,ssb-v2,0.3,2,3,246,0.004036625003209338,1001242624,0.1484375
cifar10,ssb-v2,0.3,2,3,247,0.0039559580036439,1001242624,0.125
cifar10,ssb-v2,0.3,2,3,248,0.004118582990486175,1001242624,0.1796875
cifar10,ssb-v2,0.3,2,3,249,0.004097500001080334,1001242624,0.1484375
cifar10,ssb-v2,0.3,2,3,250,0.00409558298997581,1001242624,0.0859375
cifar10,ssb-v2,0.3,2,3,251,0.004026458002044819,1001259008,0.1796875
cifar10,ssb-v2,0.3,2,3,252,0.004110457986826077,1001259008,0.171875
cifar10,ssb-v2,0.3,2,3,253,0.004018625011667609,1001259008,0.15625
cifar10,ssb-v2,0.3,2,3,254,0.004631874995538965,1001259008,0.21875
cifar10,ssb-v2,0.3,2,3,255,0.0038577499944949523,1001259008,0.125
cifar10,ssb-v2,0.3,2,3,256,0.003957459004595876,1001259008,0.1484375
cifar10,ssb-v2,0.3,2,3,257,0.004119999997783452,1001259008,0.078125
cifar10,ssb-v2,0.3,2,3,258,0.004003624999313615,1001259008,0.1328125
cifar10,ssb-v2,0.3,2,3,259,0.004154958005528897,1001259008,0.1875
cifar10,ssb-v2,0.3,2,3,260,0.0040425420011160895,1001259008,0.203125
cifar10,ssb-v2,0.3,2,3,261,0.012991583003895357,1002176512,0.1484375
cifar10,ssb-v2,0.3,2,3,262,0.0042672919953474775,1002258432,0.1015625
cifar10,ssb-v2,0.3,2,3,263,0.00390887500543613,1002717184,0.078125
cifar10,ssb-v2,0.3,2,3,264,0.003978041000664234,1002717184,0.15625
cifar10,ssb-v2,0.3,2,3,265,0.004073624993907288,1002782720,0.1328125
cifar10,ssb-v2,0.3,2,3,266,0.004022665991215035,1002782720,0.1875
cifar10,ssb-v2,0.3,2,3,267,0.003930083999875933,1002799104,0.1875
cifar10,ssb-v2,0.3,2,3,268,0.004104959007236175,1002799104,0.1484375
cifar10,ssb-v2,0.3,2,3,269,0.004084290994796902,1002799104,0.171875
cifar10,ssb-v2,0.3,2,3,270,0.004475959009141661,1002799104,0.171875
cifar10,ssb-v2,0.3,2,3,271,0.0047639580006944016,1002799104,0.140625
cifar10,ssb-v2,0.3,2,3,272,0.00433316599810496,1002815488,0.15625
cifar10,ssb-v2,0.3,2,3,273,0.004008416988654062,1002815488,0.140625
cifar10,ssb-v2,0.3,2,3,274,0.003936583001632243,1002815488,0.140625
cifar10,ssb-v2,0.3,2,3,275,0.004118459008168429,1002815488,0.1796875
cifar10,ssb-v2,0.3,2,3,276,0.004055249999510124,1002815488,0.125
cifar10,ssb-v2,0.3,2,3,277,0.004095166004844941,1002815488,0.0859375
cifar10,ssb-v2,0.3,2,3,278,0.003993042002548464,1002815488,0.1484375
cifar10,ssb-v2,0.3,2,3,279,0.0038379579928005114,1002815488,0.140625
cifar10,ssb-v2,0.3,2,3,280,0.004068915994139388,1002815488,0.125
cifar10,ssb-v2,0.3,2,3,281,0.003989332995843142,1002815488,0.125
cifar10,ssb-v2,0.3,2,3,282,0.004087833993253298,1002815488,0.09375
cifar10,ssb-v2,0.3,2,3,283,0.003857125004287809,1002815488,0.1015625
cifar10,ssb-v2,0.3,2,3,284,0.004039207997266203,1002815488,0.09375
cifar10,ssb-v2,0.3,2,3,285,0.003970624995417893,1002815488,0.0859375
cifar10,ssb-v2,0.3,2,3,286,0.004391167007270269,1002815488,0.1328125
cifar10,ssb-v2,0.3,2,3,287,0.0044630829943344,1002815488,0.0703125
cifar10,ssb-v2,0.3,2,3,288,0.004820500005735084,1002815488,0.125
cifar10,ssb-v2,0.3,2,3,289,0.005278749988065101,1002815488,0.1328125
cifar10,ssb-v2,0.3,2,3,290,0.003984916998888366,1002815488,0.125
cifar10,ssb-v2,0.3,2,3,291,0.0040969580004457384,1002815488,0.1171875
cifar10,ssb-v2,0.3,2,3,292,0.004022584005724639,1002815488,0.09375
cifar10,ssb-v2,0.3,2,3,293,0.004050833988003433,1002815488,0.0859375
cifar10,ssb-v2,0.3,2,3,294,0.003962290997151285,1002815488,0.1640625
cifar10,ssb-v2,0.3,2,3,295,0.004124041006434709,1002815488,0.1484375
cifar10,ssb-v2,0.3,2,3,296,0.004066124995006248,1002815488,0.1171875
cifar10,ssb-v2,0.3,2,3,297,0.004035334000946023,1002815488,0.171875
cifar10,ssb-v2,0.3,2,3,298,0.003923791999113746,1002815488,0.1015625
cifar10,ssb-v2,0.3,2,3,299,0.003972874997998588,1002815488,0.1640625
cifar10,ssb-v2,0.3,2,3,300,0.004059124999912456,1002815488,0.0546875
cifar10,ssb-v2,0.3,2,3,301,0.004936375000397675,1002815488,0.203125
cifar10,ssb-v2,0.3,2,3,302,0.004512500003329478,1002815488,0.171875
cifar10,ssb-v2,0.3,2,3,303,0.010807250000652857,1003700224,0.1875
cifar10,ssb-v2,0.3,2,3,304,0.0038853330042911693,1004191744,0.203125
cifar10,ssb-v2,0.3,2,3,305,0.004055208002682775,1004191744,0.1953125
cifar10,ssb-v2,0.3,2,3,306,0.003994083002908155,1004191744,0.15625
cifar10,ssb-v2,0.3,2,3,307,0.00406624999595806,1004191744,0.1484375
cifar10,ssb-v2,0.3,2,3,308,0.003983540998888202,1004191744,0.1328125
cifar10,ssb-v2,0.3,2,3,309,0.0040099159959936514,1004191744,0.125
cifar10,ssb-v2,0.3,2,3,310,0.004117042000871152,1004191744,0.1171875
cifar10,ssb-v2,0.3,2,3,311,0.003988915996160358,1004191744,0.0859375
cifar10,ssb-v2,0.3,2,3,312,0.004617041005985811,1004404736,0.15625
cifar10,ssb-v2,0.3,2,3,313,0.00423841699375771,1004404736,0.109375
cifar10,ssb-v2,0.3,2,3,314,0.005989415993099101,1004404736,0.1015625
cifar10,ssb-v2,0.3,2,3,315,0.005763541994383559,1004404736,0.1484375
cifar10,ssb-v2,0.3,2,3,316,0.003946291995816864,1004404736,0.0625
cifar10,ssb-v2,0.3,2,3,317,0.004005499999038875,1004404736,0.0859375
cifar10,ssb-v2,0.3,2,3,318,0.0041150829929392785,1004404736,0.125
cifar10,ssb-v2,0.3,2,3,319,0.004117625008802861,1004404736,0.125
cifar10,ssb-v2,0.3,2,3,320,0.004044000001158565,1004404736,0.125
cifar10,ssb-v2,0.3,2,3,321,0.003863791993353516,1004404736,0.1484375
cifar10,ssb-v2,0.3,2,3,322,0.003981957997893915,1004404736,0.1640625
cifar10,ssb-v2,0.3,2,3,323,0.004391416994621977,1004421120,0.203125
cifar10,ssb-v2,0.3,2,3,324,0.004046082991408184,1004863488,0.1875
cifar10,ssb-v2,0.3,2,3,325,0.004041916006826796,1004863488,0.109375
cifar10,ssb-v2,0.3,2,3,326,0.004390791000332683,1004863488,0.125
cifar10,ssb-v2,0.3,2,3,327,0.004424541999469511,1004863488,0.1015625
cifar10,ssb-v2,0.3,2,3,328,0.003912000000127591,1004863488,0.1640625
cifar10,ssb-v2,0.3,2,3,329,0.003985832998296246,1004863488,0.109375
cifar10,ssb-v2,0.3,2,3,330,0.004410833993460983,1004863488,0.078125
cifar10,ssb-v2,0.3,2,3,331,0.004977624994353391,1004863488,0.1796875
cifar10,ssb-v2,0.3,2,3,332,0.003953709005145356,1004863488,0.1171875
cifar10,ssb-v2,0.3,2,3,333,0.004037709004478529,1004863488,0.1171875
cifar10,ssb-v2,0.3,2,3,334,0.004010207994724624,1004863488,0.125
cifar10,ssb-v2,0.3,2,3,335,0.0039225420041475445,1004879872,0.125
cifar10,ssb-v2,0.3,2,3,336,0.004083624997292645,1004879872,0.1328125
cifar10,ssb-v2,0.3,2,3,337,0.004121874997508712,1004879872,0.0859375
cifar10,ssb-v2,0.3,2,3,338,0.01049462499213405,1005780992,0.1015625
cifar10,ssb-v2,0.3,2,3,339,0.004036666010506451,1005780992,0.1484375
cifar10,ssb-v2,0.3,2,3,340,0.0040644590044394135,1006174208,0.0859375
cifar10,ssb-v2,0.3,2,3,341,0.0040642499952809885,1006174208,0.1015625
cifar10,ssb-v2,0.3,2,3,342,0.004084125001099892,1006174208,0.1328125
cifar10,ssb-v2,0.3,2,3,343,0.01136920899443794,1007353856,0.0546875
cifar10,ssb-v2,0.3,2,3,344,0.003979875007644296,1007353856,0.09375
cifar10,ssb-v2,0.3,2,3,345,0.003944708994822577,1007403008,0.140625
cifar10,ssb-v2,0.3,2,3,346,0.0039712919970043,1007403008,0.078125
cifar10,ssb-v2,0.3,2,3,347,0.0040962919883895665,1007403008,0.140625
cifar10,ssb-v2,0.3,2,3,348,0.004026708003948443,1007403008,0.109375
cifar10,ssb-v2,0.3,2,3,349,0.003947791992686689,1007403008,0.1640625
cifar10,ssb-v2,0.3,2,3,350,0.004016874998342246,1007403008,0.1640625
cifar10,ssb-v2,0.3,2,3,351,0.003957249995437451,1007403008,0.109375
cifar10,ssb-v2,0.3,2,3,352,0.004169667008682154,1007403008,0.09375
cifar10,ssb-v2,0.3,2,3,353,0.004593332996591926,1007403008,0.09375
cifar10,ssb-v2,0.3,2,3,354,0.005620083000394516,1007403008,0.1015625
cifar10,ssb-v2,0.3,2,3,355,0.0057585419999668375,1007403008,0.0859375
cifar10,ssb-v2,0.3,2,3,356,0.0039730419957777485,1007403008,0.1015625
cifar10,ssb-v2,0.3,2,3,357,0.004107875007321127,1007403008,0.1796875
cifar10,ssb-v2,0.3,2,3,358,0.0040575829916633666,1008074752,0.140625
cifar10,ssb-v2,0.3,2,3,359,0.00417708299937658,1008074752,0.1171875
cifar10,ssb-v2,0.3,2,3,360,0.00409149999904912,1008074752,0.09375
cifar10,ssb-v2,0.3,2,3,361,0.004031999997096136,1008074752,0.09375
cifar10,ssb-v2,0.3,2,3,362,0.004079500009538606,1008074752,0.09375
cifar10,ssb-v2,0.3,2,3,363,0.004108709006686695,1008074752,0.1640625
cifar10,ssb-v2,0.3,2,3,364,0.01078024999878835,1008762880,0.1640625
cifar10,ssb-v2,0.3,2,3,365,0.004037249993416481,1008943104,0.15625
cifar10,ssb-v2,0.3,2,3,366,0.004046999994898215,1008959488,0.109375
cifar10,ssb-v2,0.3,2,3,367,0.003942417009966448,1009008640,0.1328125
cifar10,ssb-v2,0.3,2,3,368,0.004043249995447695,1009008640,0.1015625
cifar10,ssb-v2,0.3,2,3,369,0.003929250000510365,1009008640,0.171875
cifar10,ssb-v2,0.3,2,3,370,0.00398962500912603,1009025024,0.0625
cifar10,ssb-v2,0.3,2,3,371,0.004129499997361563,1009025024,0.109375
cifar10,ssb-v2,0.3,2,3,372,0.004026708003948443,1009025024,0.1640625
cifar10,ssb-v2,0.3,2,3,373,0.004121958001633175,1009025024,0.15625
cifar10,ssb-v2,0.3,2,3,374,0.004537749991868623,1009025024,0.21875
cifar10,ssb-v2,0.3,2,3,375,0.004856832994846627,1009025024,0.078125
cifar10,ssb-v2,0.3,2,3,376,0.005349541999748908,1009025024,0.1171875
cifar10,ssb-v2,0.3,2,3,377,0.004507124991505407,1009025024,0.1328125
cifar10,ssb-v2,0.3,2,3,378,0.0039922500000102445,1009025024,0.1328125
cifar10,ssb-v2,0.3,2,3,379,0.003971416997956112,1009025024,0.1015625
cifar10,ssb-v2,0.3,2,3,380,0.00392045799526386,1009025024,0.0625
cifar10,ssb-v2,0.3,2,3,381,0.003950166996219195,1009025024,0.1328125
cifar10,ssb-v2,0.3,2,3,382,0.004123916005482897,1009467392,0.1171875
cifar10,ssb-v2,0.3,2,3,383,0.004041000007418916,1009467392,0.1171875
cifar10,ssb-v2,0.3,2,3,384,0.004115916002774611,1009467392,0.140625
cifar10,ssb-v2,0.3,2,3,385,0.004161083008511923,1009467392,0.09375
cifar10,ssb-v2,0.3,2,3,386,0.004084583997610025,1009467392,0.0859375
cifar10,ssb-v2,0.3,2,3,387,0.0043952919950243086,1009467392,0.1015625
cifar10,ssb-v2,0.3,2,3,388,0.00420495800790377,1009483776,0.15625
cifar10,ssb-v2,0.3,2,3,389,0.004179875002591871,1009500160,0.0625
cifar10,ssb-v2,0.3,2,3,390,0.024438917011138983,1012727808,0.1
