run_id,dataset,model,architecture,protocol_version,keep_ratio,block_size,child_refresh_steps,score_refresh_steps,v6_selection_mode,v6_gradient_retention,v6_selection_method,v6_early_bird,v6_stability_window,v6_stability_threshold,seed,best_epoch,train_loss,train_accuracy,val_loss,val_accuracy,epoch_time_s,is_best_val_loss,best_epoch_so_far,epochs_without_improvement,forward_time_s,epochs_completed,total_training_time_s,mean_epoch_time_s,mean_forward_ms,mean_backward_ms,mean_memory_mb,child_refresh_events,gradient_scoring_events,dense_scoring_time_s,selector_scoring_time_s,child_rebuild_time_s,topology_frozen,topology_freeze_step,mask_distance_mean,effective_keep_ratio_mean,effective_keep_ratio_min,effective_keep_ratio_max
6d0fa590751f65a8,mnist,dense,cnn,protocol-v6-selector-20-v1,1.0,0,0,0,,,,False,0,,1,10,0.0066185101772736,0.99765,0.0255739961893295,0.9927,4.6598799170023995,1,10,0,,10,47.129356251025456,4.712935625102546,1.7541831737771676,3.30374192592667,494.26287646588486,0,0,0.0,0.0,0.0,0,0,,1.0,1.0,1.0
bc32b70650828ee6,mnist,dense,cnn,protocol-v6-selector-20-v1,1.0,0,0,0,,,,False,0,,2,3,0.0279846973817795,0.9914333333333334,0.0232962382907047,0.993,4.651511374991969,1,3,0,,10,47.036120916032814,4.703612091603281,1.7110492412704348,3.285712240081824,491.0444629530917,0,0,0.0,0.0,0.0,0,0,,1.0,1.0,1.0
fc72d78cf4288fb4,mnist,dense,cnn,protocol-v6-selector-20-v1,1.0,0,0,0,,,,False,0,,3,7,0.0098496894562461,0.9967333333333334,0.0253740194908168,0.9911,4.682519207999576,1,7,0,,10,47.16622624899901,4.716622624899901,1.7299964488427615,3.2697126955700178,489.5791611140725,0,0,0.0,0.0,0.0,0,0,,1.0,1.0,1.0
02f3b0891715643f,mnist,dense,cnn,protocol-v6-selector-20-v1,1.0,0,0,0,,,,False,0,,4,6,0.0125971106562142,0.9959333333333332,0.0245164353175438,0.992,4.715668292003102,1,6,0,,10,47.32898196100723,4.732898196100723,1.7277372037232563,3.278914323323659,491.82808168976544,0,0,0.0,0.0,0.0,0,0,,1.0,1.0,1.0
6719ef471fbb47ea,mnist,dense,cnn,protocol-v6-selector-20-v1,1.0,0,0,0,,,,False,0,,5,7,0.0096960094885745,0.9966833333333334,0.0225228555029956,0.9923,4.711798333999468,1,7,0,,10,47.51888983498793,4.751888983498793,1.726020275073862,3.278893207700358,490.945842217484,0,0,0.0,0.0,0.0,0,0,,1.0,1.0,1.0
2bc56f8d14c9095e,mnist,ssb-v6,cnn,protocol-v6-selector-20-v1,0.2,0,0,10,fixed,,taylor,True,5,0.1,1,10,0.0265479001643757,0.99155,0.0409620621398731,0.9878,9.283358583998051,1,10,0,,10,99.61747670899786,9.961747670899786,0.7081505547775809,1.3805668210149302,533.4677871801706,214,214,1.0268632780061935,1.195189906051372,1.9391970860597108,1,2130,0.11568482023027475,0.1990131578947368,0.1990131578947368,0.1990131578947368
0207c9db1fbbcf40,mnist,ssb-v6,cnn,protocol-v6-selector-20-v1,0.2,0,0,10,fixed,,taylor,True,5,0.1,2,8,0.0406220282723506,0.9874,0.0425396459659095,0.9872,9.350817416998323,1,8,0,,10,97.14850320797996,9.714850320797996,0.7078155525307955,1.3809647986264983,528.321914978678,134,134,0.6579766649956521,0.7631363299733426,1.209619881017709,1,1330,0.10272303454121634,0.1990131578947368,0.1990131578947368,0.1990131578947368
432fc1df7a31e1bd,mnist,ssb-v6,cnn,protocol-v6-selector-20-v1,0.2,0,0,10,fixed,,taylor,True,5,0.1,3,10,0.0292282075818628,0.991,0.0410981221494614,0.9863,9.349098207996576,1,10,0,,10,97.25409037500503,9.725409037500503,0.6840492382946443,1.3752055431178003,530.9296775053305,126,126,0.6181864150566919,0.7145416689745558,1.1404364179907076,1,1250,0.10915095006004091,0.1990131578947368,0.1990131578947368,0.1990131578947368
7bd22400f1e1b86e,mnist,ssb-v6,cnn,protocol-v6-selector-20-v1,0.2,0,0,10,fixed,,taylor,True,5,0.1,4,10,0.0322893493031462,0.9897333333333334,0.047216538075637,0.9857,9.369308083012584,1,10,0,,10,101.4000193310494,10.14000193310494,0.687191602282438,1.390521852860499,531.0382229477611,265,265,1.2520211778901154,1.4516119689796927,2.4028566258930244,1,2640,0.11519036519036514,0.1990131578947368,0.1990131578947368,0.1990131578947368
cf3efa0ebb7ad3d3,mnist,ssb-v6,cnn,protocol-v6-selector-20-v1,0.2,0,0,10,fixed,,taylor,True,5,0.1,5,9,0.0291928240026036,0.9909,0.0442730087501971,0.9854,9.326300458007609,1,9,0,,10,98.5536606660171,9.855366066601709,0.6821759819632949,1.3801460215726535,533.6332989072495,180,180,0.8659156209760028,1.001177668003938,1.637149330941602,1,1790,0.10369428551246732,0.1990131578947368,0.1990131578947368,0.1990131578947368
3aac51f9d32c6f0f,mnist,ssb-v6,cnn,protocol-v6-selector-20-v1,0.2,0,0,10,fixed,,weight_l2,True,5,0.1,1,8,0.036952612940967,0.98835,0.0419419521948322,0.9862,9.74003874999471,1,8,0,,10,97.6401044169761,9.76401044169761,0.7180635596122117,1.42874787069804,518.8774853411514,6,6,0.0,0.0050185830041298,0.0622797919641013,1,50,7.063643427279765e-05,0.1990131578947368,0.1990131578947368,0.1990131578947368
4269be36b7406d35,mnist,ssb-v6,cnn,protocol-v6-selector-20-v1,0.2,0,0,10,fixed,,weight_l2,True,5,0.1,2,10,0.0268927957569559,0.9915666666666668,0.0347607966132462,0.9878,9.359246082996831,1,10,0,,10,95.49358683296305,9.549358683296305,0.7252124824256855,1.400159311697715,519.6149120469083,6,6,0.0,0.0049236250051759994,0.0657079180091383,1,50,1.765910856819936e-05,0.1990131578947368,0.1990131578947368,0.1990131578947368
ac973cd205487547,mnist,ssb-v6,cnn,protocol-v6-selector-20-v1,0.2,0,0,10,fixed,,weight_l2,True,5,0.1,3,10,0.0259586797796189,0.9919833333333332,0.0450766011654399,0.9845,9.555259540997213,1,10,0,,10,95.35847749999084,9.535847749999084,0.8061461596821704,1.381419717174927,522.8731176705757,6,6,0.0,0.0049495420244054,0.0672986240097086,1,50,0.008229144592780901,0.1990131578947368,0.1990131578947368,0.1990131578947368
5e97bf8454af82fc,mnist,ssb-v6,cnn,protocol-v6-selector-20-v1,0.2,0,0,10,fixed,,weight_l2,True,5,0.1,4,10,0.0252022550653666,0.9918,0.0363998697608709,0.988,9.3852717080008,1,10,0,,10,95.34433125097712,9.534433125097712,0.6973111522608126,1.3939695900863116,520.1038712686567,6,6,0.0,0.004867206997005,0.068426375990384,1,50,0.0,0.1990131578947368,0.1990131578947368,0.1990131578947368
ce65846071fe1c98,mnist,ssb-v6,cnn,protocol-v6-selector-20-v1,0.2,0,0,10,fixed,,weight_l2,True,5,0.1,5,8,0.0359636779159307,0.9889,0.045120937430486,0.9849,9.304437666985905,1,8,0,,10,93.58126691696816,9.358126691696816,0.6872595725998801,1.3922844114292143,521.8978844616205,6,6,0.0,0.0045557059929704,0.0611639999988253,1,50,3.531821713639872e-05,0.1990131578947368,0.1990131578947368,0.1990131578947368
50fafed99696d413,mnist,ssb-v6,cnn,protocol-v6-selector-20-v1,0.2,0,0,25,fixed,,taylor,True,5,0.1,1,10,0.0341853409493962,0.9891,0.0400926046523731,0.9867,9.859294250010862,1,10,0,,10,98.7040842090064,9.87040842090064,0.685807587124599,1.3967779700859517,536.7629364339019,188,188,0.9240645771205795,1.0673232039261975,1.6942885421740266,0,0,0.1610551584243487,0.1990131578947368,0.1990131578947368,0.1990131578947368
0536e49c8df54f7b,mnist,ssb-v6,cnn,protocol-v6-selector-20-v1,0.2,0,0,25,fixed,,taylor,True,5,0.1,2,8,0.0405127338290214,0.9872166666666666,0.0427603983270702,0.9869,9.412625625001963,1,8,0,,10,96.54067870700965,9.654067870700965,0.6853822275030381,1.3982419437671985,534.6360274520256,82,82,0.44088120397645597,0.5070592920383166,0.7481473379157212,1,2025,0.12461357214353412,0.1990131578947368,0.1990131578947368,0.1990131578947368
e52d4b3fe81c91bd,mnist,ssb-v6,cnn,protocol-v6-selector-20-v1,0.2,0,0,25,fixed,,taylor,True,5,0.1,3,9,0.0399207919895648,0.98725,0.0417008832706837,0.9863,9.84993608300283,1,9,0,,10,98.9810866239859,9.89810866239859,0.7101010366647524,1.3821229190799222,535.9561300639659,176,176,0.8726256200170531,1.015096954084575,1.5959171301219532,1,4375,0.15825604776204014,0.1990131578947368,0.1990131578947368,0.1990131578947368
5118df18577914ad,mnist,ssb-v6,cnn,protocol-v6-selector-20-v1,0.2,0,0,25,fixed,,taylor,True,5,0.1,4,10,0.0375081977851688,0.98845,0.0413125429279054,0.9886,9.883761459001107,1,10,0,,10,99.16559554100968,9.916559554100967,0.6843414205100646,1.3851713988299503,538.5628498134329,188,188,0.9251762889616566,1.069053748942669,1.7087202890834217,0,0,0.18087038168885577,0.1990131578947368,0.1990131578947368,0.1990131578947368
08b23d29a61f087e,mnist,ssb-v6,cnn,protocol-v6-selector-20-v1,0.2,0,0,25,fixed,,taylor,True,5,0.1,5,9,0.0305308424944678,0.9907833333333332,0.04880892430577,0.9844,9.345077875012066,1,9,0,,10,96.31712966400664,9.631712966400665,0.7069093407131732,1.3815054276422445,535.8354777452025,85,85,0.457471837988119,0.5288980469922488,0.7769545009650712,1,2100,0.11689830193191782,0.1990131578947368,0.1990131578947368,0.1990131578947368
59f9ccdace96524b,mnist,ssb-v6,cnn,protocol-v6-selector-20-v1,0.2,0,0,25,fixed,,weight_l2,True,5,0.1,1,8,0.0360386972188949,0.9888166666666668,0.0460811493805144,0.9848,9.323984082991956,1,8,0,,10,93.8371237909887,9.38371237909887,0.6908454050345199,1.375102510066109,521.3777318763326,6,6,0.0,0.0042111240036317,0.056328539998503194,1,125,0.0,0.1990131578947368,0.1990131578947368,0.1990131578947368
63229ac4e724ef16,mnist,ssb-v6,cnn,protocol-v6-selector-20-v1,0.2,0,0,25,fixed,,weight_l2,True,5,0.1,2,10,0.0282267577283084,0.9908666666666668,0.035936377032753,0.988,9.333862667001084,1,10,0,,10,93.68447570801072,9.368447570801072,0.6845374430273856,1.3749621951410216,521.5745902185502,6,6,0.0,0.0039963329909365,0.0565175410010849,1,125,0.0,0.1990131578947368,0.1990131578947368,0.1990131578947368
3337d15fbe739c45,mnist,ssb-v6,cnn,protocol-v6-selector-20-v1,0.2,0,0,25,fixed,,weight_l2,True,5,0.1,3,9,0.0285495984007914,0.9913,0.0415936956587713,0.9862,9.418651874992063,1,9,0,,10,94.32360108496505,9.432360108496505,0.6991924616561802,1.3363499236673653,522.3028184968017,6,6,0.0,0.0043521680054252,0.0588588740065458,1,125,0.00017715890267775618,0.1990131578947368,0.1990131578947368,0.1990131578947368
c5bcd9f5b73bd25d,mnist,ssb-v6,cnn,protocol-v6-selector-20-v1,0.2,0,0,25,fixed,,weight_l2,True,5,0.1,4,10,0.0252022550653666,0.9918,0.0363998697608709,0.988,9.334135249999235,1,10,0,,10,94.05464470900188,9.405464470900188,0.6892774554274561,1.3855381878490785,520.412030250533,6,6,0.0,0.0043579149933064,0.060909126972546496,1,125,0.0,0.1990131578947368,0.1990131578947368,0.1990131578947368
77758d958bc75723,mnist,ssb-v6,cnn,protocol-v6-selector-20-v1,0.2,0,0,25,fixed,,weight_l2,True,5,0.1,5,8,0.0361065583487351,0.9887666666666668,0.0446327844783663,0.9847,9.356978249998065,1,8,0,,10,93.86485800099035,9.386485800099035,0.6926763980771281,1.382483141849821,521.8836886993604,6,6,0.0,0.0039595419948452,0.0556681249872778,1,125,0.0,0.1990131578947368,0.1990131578947368,0.1990131578947368
0aa8600f055dd7ef,mnist,ssb-v6,cnn,protocol-v6-selector-20-v1,0.2,0,0,100,fixed,,taylor,True,5,0.1,1,8,0.0379556953633824,0.9879666666666668,0.0459014306010445,0.9848,9.315103542001452,1,8,0,,10,93.94698854298622,9.394698854298621,0.6829122502318042,1.381832434620007,528.7419143123667,23,23,0.1504779979877627,0.1732309160142892,0.2123582490312388,1,2200,0.15986964115306357,0.1990131578947368,0.1990131578947368,0.1990131578947368
0b8b72261125eb82,mnist,ssb-v6,cnn,protocol-v6-selector-20-v1,0.2,0,0,100,fixed,,taylor,True,5,0.1,2,10,0.0360824143707752,0.9884166666666668,0.0498798689110961,0.9852,9.408396708997316,1,10,0,,10,94.83355824898172,9.483355824898172,0.7105494088557068,1.383396849377594,532.6401119402985,44,44,0.2473806650086749,0.2880922499607526,0.403264375971046,1,4300,0.17913538234393847,0.1990131578947368,0.1990131578947368,0.1990131578947368
326f7d1e60c9c1c4,mnist,ssb-v6,cnn,protocol-v6-selector-20-v1,0.2,0,0,100,fixed,,taylor,True,5,0.1,3,9,0.0350243483195702,0.9885333333333334,0.0451121216372586,0.9854,9.353220499993768,1,9,0,,10,94.7799964989972,9.47799964989972,0.7059372060170683,1.3810835126544911,530.2819596215352,29,29,0.1790164599515254,0.2074928770598477,0.2696106660150676,1,2800,0.16149012405696897,0.1990131578947368,0.1990131578947368,0.1990131578947368
b616b2fd51f32521,mnist,ssb-v6,cnn,protocol-v6-selector-20-v1,0.2,0,0,100,fixed,,taylor,True,5,0.1,4,10,0.031138134307911,0.9903333333333332,0.0365769342403393,0.9874,9.469436125000357,1,10,0,,10,95.15840629403829,9.51584062940383,0.6820754319678854,1.3827981850992423,532.5706356609808,47,47,0.2635810020583428,0.3043989190336992,0.4285977109830104,0,0,0.19096490754244763,0.1990131578947368,0.1990131578947368,0.1990131578947368
07b50fcc8f91cbfc,mnist,ssb-v6,cnn,protocol-v6-selector-20-v1,0.2,0,0,100,fixed,,taylor,True,5,0.1,5,7,0.0496577425350745,0.98425,0.047906516883336,0.9838,9.43763233399659,1,7,0,,10,94.64843991897942,9.464843991897942,0.7019448220847981,1.3734415862372442,532.0561200692964,37,37,0.215499956990241,0.2495533350302119,0.3419920039450501,1,3600,0.14879634130971026,0.1990131578947368,0.1990131578947368,0.1990131578947368
233eebc8b3aaa1bc,mnist,ssb-v6,cnn,protocol-v6-selector-20-v1,0.2,0,0,100,fixed,,weight_l2,True,5,0.1,1,8,0.0360386972188949,0.9888166666666668,0.0460811493805144,0.9848,9.385945000001811,1,8,0,,10,94.26982191498973,9.426982191498974,0.6872610150949344,1.3835691287262943,521.1827358742004,6,6,0.0,0.0042732499859991,0.0594141659821614,1,500,0.0,0.1990131578947368,0.1990131578947368,0.1990131578947368
66988a983a9c0308,mnist,ssb-v6,cnn,protocol-v6-selector-20-v1,0.2,0,0,100,fixed,,weight_l2,True,5,0.1,2,10,0.0282267577283084,0.9908666666666668,0.035936377032753,0.988,9.393393666003249,1,10,0,,10,94.33321578899631,9.433321578899632,0.6883575648560609,1.3861914774822461,520.1432969083156,6,6,0.0,0.004566624993458,0.0595772910019148,1,500,0.0,0.1990131578947368,0.1990131578947368,0.1990131578947368
a723ddf3297a576b,mnist,ssb-v6,cnn,protocol-v6-selector-20-v1,0.2,0,0,100,fixed,,weight_l2,True,5,0.1,3,10,0.0251929814370969,0.9919333333333332,0.0425390073451213,0.9868,9.523052042000929,1,10,0,,10,94.3682575429848,9.436825754298479,0.684625192913043,1.3788631430354723,520.352508662047,6,6,0.0,0.0041404580115337,0.0598735420062438,1,500,0.0,0.1990131578947368,0.1990131578947368,0.1990131578947368
94b6f700a499d040,mnist,ssb-v6,cnn,protocol-v6-selector-20-v1,0.2,0,0,100,fixed,,weight_l2,True,5,0.1,4,10,0.0252022550653666,0.9918,0.0363998697608709,0.988,9.371401249998598,1,10,0,,10,93.91516399897228,9.391516399897228,0.6876125737351773,1.368553944300366,518.5164578891258,6,6,0.0,0.0043717929947885,0.0594019589916567,1,500,0.0,0.1990131578947368,0.1990131578947368,0.1990131578947368
c31d3b23f11f515a,mnist,ssb-v6,cnn,protocol-v6-selector-20-v1,0.2,0,0,100,fixed,,weight_l2,True,5,0.1,5,8,0.0361065583487351,0.9887666666666668,0.0446327844783663,0.9847,9.37702287499269,1,8,0,,10,93.92949979098921,9.39294997909892,0.7019587614916075,1.3879270711813916,520.8310367803838,6,6,0.0,0.0039710000128249,0.0565362899942554,1,500,0.0,0.1990131578947368,0.1990131578947368,0.1990131578947368
